:020000040800F2
:10000000502E002099010008995700081F49000848
:10001000A1560008111300085567000800000000F1
:1000200000000000000000000000000001010008C6
:10003000AF1400080000000045010008855D0008BD
:10004000B3010008B3010008B3010008B3010008C0
:10005000B3010008B3010008B3010008B3010008B0
:10006000B3010008B3010008B3010008B3010008A0
:10007000B30100086D140008B301000879140008EA
:10008000B3010008B3010008B3010008B301000880
:1000900019660008B3010008B301000847190008F9
:1000A000B30100082D5E0008B3010008B301000889
:1000B000395E00084D5E00086D5E0008B30100085F
:1000C000B3010008B3010008B3010008B301000840
:1000D000B3010008A5650008BD65000801660008B9
:1000E00021190008B3010008B3010008DFF80CD0A3
:1000F00000F0C8FE00480047C5850008502E0020CB
:10010000224B19680868B0E8F00F80F30988BFF344
:100110006F8F4FF0000080F311884EF00D0E704786
:100120000000000006480068006880F3088862B696
:1001300061B6BFF34F8FBFF36F8F00DF00BF00BF0B
:1001400008ED00E0EFF30980BFF36F8F0F4B1A68E3
:1001500020E9F00F106008B54FF0500080F31188CF
:10016000BFF34F8FBFF36F8F0BF0CAF84FF0000053
:1001700080F31188BDE8084019680868B0E8F00FFE
:1001800080F30988BFF36F8F704700BFE80B002032
:10019000EFF3058070470000064880470648004797
:1001A000FEE7FEE7FEE7FEE7FEE7FEE7FEE7FEE727
:1001B000FEE7FEE7295E0008ED000008202A04DBC8
:1001C000203A21FA02F00021704721FA02F3D040D0
:1001D000C2F120029140084319467047A0F1410145
:1001E000192900D82030704740EA01039B0703D04B
:1001F00009E008C9121F08C0042AFAD203E011F866
:10020000013B00F8013B521EF9D27047D2B201E027
:1002100000F8012B491EFBD270470022F6E710B50B
:1002200013460A4604461946FFF7F0FF204610BD64
:1002300030B505462A460B4612F8010B13F8014B60
:1002400008B1A042F8D01CB1002802D06D1CF1E723
:10025000284630BD421C10F8011B0029FBD1801A32
:10026000704710B5002200E0521C835C8C5CA342F6
:1002700001D1002BF8D1D8B2E1B2401A10BD30B58F
:1002800004460020034600E05B1C934203D2E05C7E
:10029000CD5C401BF8D030BD034611F8012B00F8AF
:1002A000012B002AF9D11846704730B505460020C9
:1002B000034600E05B1C934205D2EC5CC85C201A4C
:1002C00001D1002CF6D130BD2DE9FF4F087883B065
:1002D0009946FF2805D0491C2D2804D00024002071
:1002E00008E000200BE00124F9E700EB800003EBBD
:1002F0004000491C0B78FF2BF7D104B1404200238A
:100300000293147819461D462D2C01D02B2C04D1B4
:10031000521C2D2C13D000240294AA461478FF2CD2
:100320000FD00A25A3FB057801FB05814FF0000CD7
:1003300003FB0C11521CE3194AEB0101EEE7012407
:10034000EAE7814453EA010002D019F5C87F06DAD2
:1003500003980021C0E9001107B0BDE8F08F002527
:10036000AE4E2F46DFF8B882184600F067FDCDE9A3
:100370000001B9F1000002DAC9F1000400E004460E
:100380000023A74A1AEB030B42EB045A12E0E007E2
:1003900007D02A4633463846414600F05CFA074605
:1003A00088462A4633461046194600F054FA054658
:1003B0000E466410002CEAD1DDE90001B9F1000F0E
:1003C0005A46534606DA00F0B8FA3A46434600F079
:1003D000B4FA05E000F03FFA3A46434600F03BFA33
:1003E000029A0AB181F00041039AC2E90001B3E721
:1003F0002DE9FF4F1F468DB0D7E901464FF0FF387A
:100400002E2045464FF000090B90B9696D1C0E98DF
:100410008847396A824688470028F6D1BAF1FF3FFB
:100420000AD024F4D064002E11DDBAF12B0F08D0CD
:10043000BAF12D0F0BD102E0404611B08DE744F424
:100440008064B9696D1C0E9888478246761E69469D
:10045000600501D52D2000E02B208DF8000001F172
:10046000010B0DF1200809E0B9696D1C0E98884751
:1004700082460F9844F40074761E0560002E02DD5B
:10048000BAF1300FF0D00B998A453ED144F0800488
:1004900006E00F99681CA9F1010944F40074086092
:1004A000B9696D1C761E0E98884782463028F0D0B8
:1004B0002BE00B998A4505D1200603D444F0800433
:1004C000761E18E0504606F095FB08B30DF11301B7
:1004D000761E44F400748B4508D2AAF130000BF864
:1004E000010B200607D5A9F1010003E0200602D484
:1004F00009F101008146A00502D50F99681C08602A
:10050000B9696D1C0E9888478246002ED1DC53E0F5
:10051000002E51DDBAF1650F02D0BAF1450F4BD173
:10052000A00549D5B9696D1C24F44074761E0E9857
:1005300088478246002E0CDD2B2804D0BAF12D0FFF
:1005400007D144F48074B9696D1C0E9888478246BF
:10055000761EE00501D52D2100E02B2108F8011BB6
:10056000CDF82C8021E00DF12901761E44F40074B1
:1005700088450CD2AAF1300010F0FF0088F8000086
:1005800002D10B99884509D908F1010806E0E00578
:1005900001D5244801E042F20F708146B9696D1C13
:1005A0000E98884782460F980560002E04DD50465D
:1005B00006F020FB0028D6D1F9690E988847FF2065
:1005C0008BF8000088F800000020069007904B464A
:1005D0006A4608A906A8FFF777FEA00502D46FF0C7
:1005E00001002AE714F0240F0AD0E00714D1DDE956
:1005F00006123868031D3B600068C0E900120BE07A
:10060000DDE9060100F094FA0146E00704D13868FC
:10061000021D3A600068016028460EE700001440A1
:100620000000F03FF1D8FFFF80EA010210B502F0B0
:100630000043400022D04A001FD0010E01EB12619E
:10064000C0F35600C2F3560240F4000042F4000228
:10065000A0FB022000047F39140400D0401C50EAA3
:10066000124001D44000491EC2B20C0604EBD01067
:10067000401C4008802A02D003E0002010BD20F07A
:100680000100002900DA0020184310BD30B480EAD0
:10069000010202F0004530F0004221F0004013D08A
:1006A00090B1C30DD40DC2F31601C0F31600E41AC5
:1006B00041F4000140F400027D34914201D3641CF6
:1006C00000E04900002C02DA30BC002070474FF4F3
:1006D00000000023914201D3891A034340084FEAE6
:1006E0004101F7D151B1914202D14FF0004105E0F3
:1006F00002D24FF0010101E06FF0010103EBC450A1
:10070000284430BC00F006BB2DE9FE4F804681EA4C
:100710000300C00F0C46009021F0004123F000457B
:10072000B8EB0200A94105D24046214690461C463E
:100730000B46024623F00040104347D0270DC7F375
:100740000A00C3F30A510290401A019040286BDA64
:10075000C3F3130040F4801B0098924620B100239D
:10076000D2EB030A63EB0B0B01985946C0F1400230
:10077000504600F040FA06460D4650465946019A4A
:1007800000F048FA10EB08006141002487EA11529A
:1007900084EAE7731A4340D0009A62B3019A012AAF
:1007A0004FEA075215DC001B61EB02014FF00042DB
:1007B00002EA0752CDE90042001C41F580113246A1
:1007C0002B4600F0EDFA03B0BDE8F08F404621461D
:1007D000F9E7001B61EB0201001C41F580130018D2
:1007E0005B412018A2F5001747EB030140EAD570E2
:1007F000B6196D4111E06D084FEA360645EAC0753D
:100800004FEA0752001B61EB0201001C41F5801109
:1008100049084FEA30000019514132462B4603B0D7
:10082000BDE8F04F00F0ADBA00980122400000236F
:10083000D0EB020263EBE073009821464FEAE074CC
:10084000B8EB000061EB0401E9E783F000435BE7EC
:1008500081F0004158E72DE9FE4F81EA030404F0DE
:10086000004421F0004100944FF0000B23F00043BE
:1008700050EA01045ED052EA03045BD0C3F30A5489
:10088000C1F30A552C44A4F2F3340194A0FB0254A2
:10089000C1F3130141F48011C3F3130343F4801334
:1008A00001FB024400FB034E840A970A44EA815488
:1008B00047EA8357A4FB076802958D0A05FB078565
:1008C0004FEA932C04FB0C542705029D4FEA06586F
:1008D00047EA1637B5EB08056EEB070C870E920E4C
:1008E00047EA811742EA8312A7FB0201B6EB0B012C
:1008F00064EB00042B0D43EA0C335E1844EB1C50F0
:10090000DA465146E7FB0201C5F313044FEA0B3305
:1009100043EA14534FEA0432019C43EA0603A4F16C
:100920000C040294009CCDE900B400F039FA03B045
:10093000BDE8F08F00200146F9E72DE9F04D81EA8E
:10094000030404F0004B21F0004514464FF0000A68
:1009500023F0004150EA050220D054EA01021DD0E4
:10096000C5F30A570246C5F31303C1F31300C1F3DD
:100970000A5640F4801543F48013A7EB0608101BB9
:10098000D64608F2FD3873EB050002D308F10108E2
:1009900001E092185B41B8F1000F03DA0020014634
:1009A000BDE8F08D00204FF48011064684460EE02D
:1009B000171B73EB050705D3121B63EB05030643F7
:1009C0004CEA010C49084FEA300092185B4150EAAA
:1009D0000107EDD152EA030012D082EA040083EA53
:1009E0000501084305D0101BAB4106D201220023AC
:1009F00006E000224FF0004302E06FF001025310C6
:100A00001AEB06004CEB085110EB0A0041EB0B010E
:100A1000BDE8F04D00F0B5B970B521F000430343D7
:100A20000CD0C1F30A550024D5EB040564EB040394
:100A3000D617AD1AB34102DB0020014670BD201865
:100A400041EB025170BD96230022114600F06BB9B4
:100A50000EB540F2334102910021CDE900110A4662
:100A60000B4600F09DF903B000BD20F00040C10D21
:100A7000C0F3160040F400007F2901DA002070471F
:100A8000962903DCC1F19601C84070479639884029
:100A9000704770B5C1F30A5201F000450024C1F35C
:100AA000130140F2FF3341F480119A4201DA002031
:100AB00070BD40F233439A42A2F2334203DC524209
:100AC000FFF77CFB00E090402C43F1D0404270BD2A
:100AD00030B5041E71F1000404DB4FF000444042C5
:100AE00064EB0101141E73F1000405DB1C464FF09A
:100AF0000043524263EB04038B4208BF824230BD85
:100B000030B5041E71F1000404DB4FF00044404294
:100B100064EB0101141E73F1000405DB1C464FF069
:100B20000043524263EB0403994208BF904230BD38
:100B300001F0004330B421F0004150EA010206D038
:100B40000A0DA2F56072C1F31301002A02DC30BC69
:100B500000207047440F44EAC104C100E01830BCD3
:100B600000EBC25000F0D6B830B50B46014600206D
:100B70002022012409E021FA02F59D4205D303FA5F
:100B800002F5491B04FA02F52844151EA2F10102E0
:100B9000F1DC30BD2DE9F05F0546002092469B4612
:100BA00088460646814640241BE028464146474683
:100BB0002246FFF703FB53465A46C01A914110D311
:100BC00011461846224600F016F82D1A67EB010868
:100BD0004F4622460120002100F00DF817EB0009D6
:100BE0004E41201EA4F10104DFDC484631462A466E
:100BF0004346BDE8F09F202A04DB203A00FA02F1C8
:100C0000002070479140C2F1200320FA03F31943FA
:100C100090407047202A06DBCB17203A41FA02F0B9
:100C200043EAE07306E041FA02F3D040C2F1200249
:100C30009140084319467047426842B1016811F873
:100C4000013B23B1521EC0E9001218467047012132
:100C5000C160881E704742685AB1C368016843B9D1
:100C600083688B4205D0491E521CC0E90012002047
:100C700070474FF0FF3070470FB4002300B589B0C4
:100C80000CA900910B996FF00042CB601E4B0693AC
:100C90001E4B07930423CDE901321D4A08920246F8
:100CA0006B460020FFF7A4FB09B05DF814FB70B59C
:100CB00086B006464FF0FF300091CDE901010020DB
:100CC00015460C4604903246694604A8FFF7D4FF47
:100CD00002460498211825B108B1084600E02046D4
:100CE0002860049800280DD0002A02DD0098884270
:100CF00008D0081B0094CDE901043246694604A8D7
:100D0000FFF7BAFF06B070BD390C0008570C000899
:100D1000A90E00080029A8BF7047401C490008BF61
:100D200020F00100704710B4B0FA80FC00FA0CF01B
:100D300050EA010404BF10BC704749B1CCF1200453
:100D400021FA04F411FA0CF118BF012121430843E0
:100D5000A3EB0C01CB1D4FEA00614FEA102042BF0C
:100D6000002010BC704700EBC35010440029A4BF02
:100D700010BC7047401C490008BF20F0010010BCA7
:100D8000704710B5141E73F1000408DA401C41F1DD
:100D9000000192185B411A4301D120F0010010BDFF
:100DA0002DE9F04D92469B4611B1B1FA81F202E075
:100DB000B0FA80F220329046FFF71DFF04460F463E
:100DC00040EA0A0041EA0B0153465A46084313D051
:100DD000114653EA010019D0C8F140025046FFF70E
:100DE000EDF905460E46504659464246FFF703FFC9
:100DF000084305D0012004E020463946BDE8F08DC7
:100E00000020054346EAE0762C4337430A98630501
:100E1000E40AA0EB08000022FD0A44EA47540A3025
:100E200002D500200146E9E7010510196941DDE915
:100E3000084500196941BDE8F04DA2E70EB540F242
:100E4000334202920022CDE900221346FFF7A8FFA9
:100E500003B000BDC1F30A52C1F3130140F2FF33E6
:100E600041F480119A4202DA00200146704740F2B4
:100E700033439A42A2F2334202DC5242FFF79EB958
:100E8000FFF7B9BE064C074D06E0E06840F00103ED
:100E900094E8070098471034AC42F6D3FFF72AF9DC
:100EA000C4C60008E4C60008C0B24FF4F05100F018
:100EB00001B800007F2801D9002208E0064A02EBB1
:100EC0005002C007127800D1120902F00F0201206F
:100ED0009040084070470000D2C5000870B58C18DB
:100EE00010F8015B15F0070301D110F8013B2A113E
:100EF00006D110F8012B03E010F8016B01F8016B2B
:100F00005B1EF9D12B0705D40023521E0DD401F826
:100F1000013BFAE710F8013BCB1A921C03E013F8EF
:100F2000015B01F8015B521EF9D5A142D8D3002024
:100F300070BD000070B5044600688168C943C907E8
:100F400017D1816821F00101816001F0DFFE0546C3
:100F50000AE000BF01F0DAFE401B022804D9206835
:100F60008068C043C00706D020688068C043C007BF
:100F7000F0D0002070BDA06A40F01000A062E06ACE
:100F800040F00100E062012070BD0000F8B50026CD
:100F90000446009600688168C943C9072DD081685E
:100FA00041F001018160164816490068B0FBF1F07C
:100FB00000E0401E00900028FBD101F0A7FE05468E
:100FC00016E000BF01F0A2FE401B022810D92068E5
:100FD0008068C043C0070BD0A06A40F01000A06238
:100FE000E06A40F00100E06284F824600120F8BD6E
:100FF00020688068C043C007E4D10020F8BD00002D
:101000005C0C002040420F002DE9FE4F012607270F
:101010000096002569463C48CDE9016700F092FD45
:1010200008B100F0D5FC0024374800F065FF6421CA
:10103000354800F0C3FE18B9334800F001FE0544FE
:10104000641CE4B20A2CEFD30A24B5FBF4F0FFF7DA
:10105000FFFCDFF8B8A04FF066394A465346FFF769
:10106000FAFBDFF8ACB000225B46FFF766FCFFF747
:101070005FFD2849FFF7D8FAFFF7F7FCDFF8988003
:1010800000256946A8F80C0010208DE8C1001E4814
:1010900000F058FD08B100F09BFC00264FF47A7771
:1010A000194800F029FF3946174800F087FE18B9A3
:1010B000154800F0C5FD0544761CF6B20A2EEFD3A4
:1010C000B5FBF4F0FFF7C4FC4A465346FFF7C3FBF9
:1010D00000225B46FFF731FC104A114BFFF7B8FBCB
:1010E000104A114BFFF729FC0022104BFFF70CFBB5
:1010F000FFF71EFD0749FFF797FAFFF7B6FCA8F8C0
:101100000E00BDE8FE8F0000B012002066660A40A7
:1011100000FEAF400000C842D4180020E17A14AEAF
:1011200047E1F63F22FDF675E09C713F0000394033
:101130001CB5BE208DF8040008208DF805000020A5
:101140008DF806004FF6FF700090032301AA70216E
:10115000014801F0CDFF1CBDE01200201CB5282085
:1011600001F030FCBE208DF8040008208DF8050049
:1011700000208DF806004FF6FF700090032301AAAF
:101180007021054801F0B4FF00F0A2F8000701D477
:10119000FFF7CEFF1CBD0000E012002070B500F08C
:1011A00019F80A4C084E31466068FFF73DFAFFF720
:1011B0005CFC074D314668802068FFF735FAFFF781
:1011C00054FCA88070BD00000000C8420000002050
:1011D000D418002070B586B000208DF800008DF87E
:1011E00000008DF800008DF800008DF800008DF8EB
:1011F0000000AC218DF80C1033218DF80D10044641
:101200008DF80E004FF6FF75032303AA70212B48BB
:10121000009501F06DFF502001F0D4FB07E00120A4
:1012200001F0D0FB2046641CA4B2642803D200F075
:101230004FF80006F3D4062301AA70211F48009539
:1012400001F02EFE9DF805009DF806109DF8074060
:1012500041EA002144EA01200009FFF7F9FB0022DE
:10126000174BFFF7F8FA6FF009063246FFF7D4FB89
:101270003246FFF7D1FBFFF75BFC124D28609DF86B
:1012800008109DF8090041EA042140EA0120C0F35A
:101290001300FFF7DDFB00220B4BFFF7DCFA3246B1
:1012A000FFF7BAFB3246FFF7B7FB0022074BFFF709
:1012B000CCFAFFF73DFC686006B070BDE01200207C
:1012C0000000594000000020000069400000494033
:1012D0001CB54FF6FF700090012301AA702103484E
:1012E00001F0DEFD9DF804001CBD0000E0120020AE
:1012F000064B4FF40051012805D0002805D10022EB
:10130000184601F0FDBC0122FAE7704700100140C9
:10131000FEE700000B4802F035FE00F019F80A481D
:1013200001780A4809F01EFC0021084809F0C0FCB9
:101330000521064809F0BCFC4FF47A74204607F0FA
:1013400032FAFBE7341300201D000020A009002022
:1013500000B58BB000200121CDE906010590009079
:1013600001900290039004900E20CDE90810694688
:101370000A4800F091FE08B100F02AFB074801F08E
:101380006FF908B100F024FB0221044800F014FEBC
:1013900008B100F01DFB0BB0002000BD6C0C00205C
:1013A00030B4D0F89C20D0F8A0404FF0FF3352F872
:1013B000212024F81130C2F307420121831883F859
:1013C000B010D0F8AC3030BC114618472DE9F04FC2
:1013D0009946DDE90A5A4FF0FF3BDDF824C041E0B1
:1013E000AB1A5BB20C78002B03DD00BF04FA03F4E8
:1013F00003E0C3F1000324FA03F4E6B202DDC5F111
:10140000080301E0C2F10803DCB2844200D90446BB
:1014100005EB0408FF2707FA08F3C5F10805EF40BC
:101420003B439CF800509E431D4035432244D2B2BA
:101430008CF80050072A07D90022B9F1000F01D01B
:101440005B4600E00123194408F0FF05072D07D98A
:101450000025BAF1000F01D05B4600E001239C4457
:10146000001BC0B20028BBD1BDE8F08F014801F0DD
:1014700099B9000028170020014801F093B9000035
:10148000E416002030B590F840500124AC40C56B04
:101490006C60046863604368102B036803D0996034
:1014A0000068C26030BD9A600068C16030BD70479E
:1014B000411C0CD00749B1F90020904201D1521EC5
:1014C0000A80054A00EB4000002102F830104FF07E
:1014D000FF307047E00B0020A01A002010B50C462A
:1014E000034604F02BFB10B14FF0FF3010BDD3F8D2
:1014F0000021521CD01702EB106020F0FF00101AE0
:10150000C3F80001185C2070002010BDF0B591B048
:1015100040216846FEF781FE022337A20421002005
:1015200004F0C8F900F056FA014638A005F09EF91B
:1015300039A13B48FEF7B0FE3A4D00242C7000F074
:1015400049FA024638A1684605F0A0F9694640A06C
:1015500005F08CF96846FEF77DFE82B24FF47A768C
:10156000334669463C4803F089F9304604F0C8FD2B
:10157000022837D02C7039A16846FEF78DFE6846E8
:10158000FEF768FE82B233466946334803F076F9C7
:1015900041F28837384604F0B3FD022822D02C707F
:1015A000022338A20421002004F084F900F012FA8A
:1015B000024637A1684605F069F96846FEF74AFE1B
:1015C00082B233466946244803F058F9384604F09D
:1015D00097FD01284FF0020307D007A20421002045
:1015E00004F068F9002011B0F0BD33A204210020FE
:1015F00004F060F90120F6E74D51545453657276BA
:1016000065722E2E2E202D2D00000000637075694E
:10161000643A25730A0000004F4B0D0A00000000D9
:101620003C0F00202000002041542B4D51545455B4
:101630005345524346473D302C312C2225733122ED
:101640002C22222C22222C302C302C22220D0A007B
:101650006275663D25730A009C16002041542B4D8F
:10166000515454434F4E4E3D302C2262726F6B6585
:10167000722E656D71782E696F222C313838332CBB
:10168000310D0A0041542B4D515454535542000022
:1016900041542B4D5154545355423D302C225354F8
:1016A0004D33322F446F776E4C6F61642F25732258
:1016B0002C300D0A000000004D51545453657276D1
:1016C00065722E2E2E204F4B0000000070B590B09A
:1016D00040216846FEF7A1FD50A005F0C7F85AA1C9
:1016E0005B48FEF7D9FD5B4E002535705AA1684670
:1016F000FEF7D2FD6846FEF7ADFD82B24FF47A7474
:1017000023466946584803F0B9F8204604F0F8FC2F
:1017100002284CD041A005F0A9F854A16846FEF774
:10172000BBFD49A14A48FEF7B7FD35706846FEF794
:1017300091FD82B2234669464B4803F09FF844F678
:10174000206004F0DDFC012834D0002830D033A024
:1017500005F08CF8022348A21946702004F0AAF87C
:10176000464805F083F846A13948FEF795FD3570E7
:101770004BA16846FEF790FD02234FA219460020B8
:1017800004F098F86846FEF765FD82B225462346C8
:101790006946354803F072F84B4804F0B1FC044642
:1017A00001464AA005F062F8012C0BD008E00020A9
:1017B00010B070BD022347A21946002004F07AF849
:1017C0000120F5E7022343A21946002004F072F835
:1017D00045A005F04BF81CA11D48FEF75DFD47A193
:1017E0006846FEF759FD022349A21946002004F07D
:1017F00061F86846FEF72EFD82B22B4669461A480C
:1018000003F03CF8284604F07BFC0228D2D10223E6
:1018100019A21946702004F04DF8C8E72A2A2A2A8E
:101820002A2A2A2A2A2A2A2A2A2A2A2A2A2A2A2A18
:101830002A2A2A2A2A2A2A2A2A2A2A2A2A2A2A2A08
:101840002A2A2A2A2A2A0A004F4B0D0A00000000E1
:101850003C0F00202000002041542B43574D4F44A3
:10186000453D310D0A0000009C16002041542B43D9
:10187000574A41500D0A00002D2D000068C600088F
:10188000736D617274636F6E66696720636F6E6EED
:10189000656374656420776966690D0A000000005D
:1018A00041542B43575354415254534D4152543D8C
:1018B000332C330D0A00000041542B43575354413D
:1018C0005254534D41525400400D03007265743D13
:1018D00025640A0057494649202020202020202046
:1018E00020204F4B00000000E585B3E997AD736DF4
:1018F000617274636F6E6669670D0A0041542B4311
:101900005753544F50534D4152540D0A000000009C
:1019100041542B435753544F50534D4152540000A0
:1019200010B54FF4805001F0EFF84FF4005001F083
:10193000EBF84FF4804001F0E7F8BDE810404FF4B9
:10194000004001F0E1B810B5202001F0DDF8BDE85D
:1019500010404FF4807001F0D7B8000010B50C466D
:10196000034604F0F3F828B109A004F07FFF4FF01C
:10197000FF3010BDD3F80421521CD01702EB1060C9
:1019800020F0FF00101AC3F804011C54002010BD01
:1019900071756575652069732066756C6C0A000049
:1019A0002DE9F04116460D46074600240CE0297843
:1019B0003846FFF7D3FF002803DA4FF0FF30BDE8C9
:1019C000F081641CA4B26D1CB442F0D30020F6E791
:1019D00072B6FEE708B506480268001F0368001FDC
:1019E0000068009003A1074804F050FF054808BDB7
:1019F000F0F7FF1F25303858253038582530385833
:101A0000000000009C0D002070B50546D0F838019C
:101A1000008818B300242E1996F8B0000F2818D0AB
:101A200028680078A04214D096F8400140B9D5F853
:101A3000342112B1214628469047012086F8B00093
:101A400096F840012146401E86F84001284606F0DF
:101A500023FE641CE4B2802CDDD370BDB5F93001E7
:101A6000FFF726FDA5F8300170BD0000F8B5002590
:101A70000446009590F8240001280BD0012084F83A
:101A800024002046FFF756FA2046FFF77FFA0600AB
:101A900002D050E00220F8BDA06A20F4885040F047
:101AA0000200A062022001F071FE25490968B1FB25
:101AB000F0F0400000E0401E00900028FBD12068BC
:101AC000816841F00801816001F020F9074608E0D3
:101AD00001F01CF9C01B0A2803D9206880680007A0
:101AE00015D4206880680007F2D42068816841F02E
:101AF0000401816001F00AF9074612E001F006F9DD
:101B0000C01B0A280DD920688068400709D5A06A43
:101B100020F0020040F01000A06284F82450012060
:101B2000F8BD206880684007E8D4A06A20F0020071
:101B300040F00100A06284F824503046F8BD000057
:101B40005C0C0020F8B50024009490F82420254671
:101B5000012A12D0012280F824204A681F23072A74
:101B60000DD20668776B521E02EB820293409F43B0
:101B70000B6893401F43776319E00220F8BD0668A5
:101B80000D2A0AD2376BD21F02EB820293409F4389
:101B90000B6893401F43376309E0F76A0D3A02EB85
:101BA000820293409F430B6893401F43F7620A6889
:101BB000072306680A2A0AD3F7680A3A02EB4202A8
:101BC00093409F438B6893401F43F76008E0376959
:101BD00002EB420293409F438B6893401F4337615F
:101BE0000A68102A01D0112A20D1124B02689A42A9
:101BF00017D193681B0219D4936843F400039360D0
:101C00000968102912D10C490C4A0968B1FBF2F19C
:101C100001EB8101490000E0491E00910029FBD140
:101C200004E0816A41F020018162012480F824509F
:101C30002046F8BD002401405C0C002040420F000B
:101C40000068C06C704700002DE9F0414FF00007BC
:101C500004003D467ED0A06A002628B9E66284F8DA
:101C60002460204600F07EF82046FFF763F9A16A61
:101C7000C90600D420B1A06A40F01000A06269E05B
:101C8000A16A21F4885141F00201A1626268E16910
:101C9000237B0A4347EA43010A43A1684FF4807754
:101CA000B94209D0012907D05FF0000194F814C0AF
:101CB000BCF1010F02D00AE03946F7E7F3B1A36A9D
:101CC00043F02003A362E36A43F00103E362236865
:101CD000D3F804C02CF4694C4CEA010CC3F804C0DE
:101CE00021688B68DFF870C003EA0C0313438B6034
:101CF000A168B9420BD0012909D00CE0DFF85CC023
:101D0000A3690CEB43330B4343F40061DFE7218A03
:101D10000D05A5F580152168CB6A23F470032B43CC
:101D2000CB62216889680E4B1940914208D1E66266
:101D3000A16A21F0020141F00101A162BDE8F08138
:101D4000A06A20F0020040F01000A062E06A40F0BB
:101D50000100E0620120F1E7FDF7E1FF00E0FFFF95
:101D6000FE0E1FFF00B585B0002100910191029188
:101D7000039100680E49884218D10E48816941F4E8
:101D800000718161816901F400710491816941F000
:101D9000040181618069694600F00400049002201A
:101DA000009003200190044800F0BAFE05B000BD89
:101DB0000024014000100240000801402DE9F843D2
:101DC00000270D460446009700F0A0FF80462068DB
:101DD0008168C90508D5A06A40F02000A06284F897
:101DE00024700120BDE8F8834168C90503D4C06AA6
:101DF00010F4700F2AD0022001F0C8FC3B4909689A
:101E0000B1FBF0F62068036939490B424FEA6101E2
:101E10004FEAA1121FD1C3684FEA611C13EA0C0FED
:101E200019D103690B4225D1C068104222D1142078
:101E300023E0681C0AD02DB100F068FFA0EB080079
:101E4000A84203D920680068800725D5206800686B
:101E50008007EED52DE003690B4202D1C168114223
:101E600006D0026923490A4206D1C068084203D15C
:101E7000542002E0292000E0FC204643009816E0B0
:101E8000681C11D02DB100F041FFA0EB0800A84262
:101E90000AD90098B04207D2A06A40F00400A062BC
:101EA00084F8247003209DE70098401C0090B04205
:101EB000E6D321686FF012000860A06A40F4007059
:101EC000A06220688068C0F3424007280CD1207BC4
:101ED00050B9A06A20F48070A062A06AC00403D444
:101EE000A06A40F00100A06200207BE75C0C0020AB
:101EF000244992244992240070B5044690F82400A5
:101F000001280DD0012084F824002046FFF73EF878
:101F100002004FF0000005D084F82400104670BD88
:101F2000022070BDA16A40F20123994341F48071FF
:101F3000A1621F4D23681F49AB4218D10E6816F4E9
:101F4000702F14D0A66A46F48016A6620E68760535
:101F500005D5A66A26F4005646F48056A662A66AFF
:101F6000F6040AD5E66A26F00606E66206E0A66AE8
:101F700026F48016A6625E68E9E7E06284F8240031
:101F80006FF00200186020688368C3F34243072B98
:101F900005D1A84208D1096811F4702F04D08168D6
:101FA00041F480118160B9E7816841F4A001F9E74B
:101FB000002801400424014090F82020012A07D085
:101FC000022A05D0416A41F4802141620120704714
:101FD000006842690A43426100207047F0B590F8FA
:101FE00020500468A468012D05D0022D03D0416A59
:101FF00041F480214DE014F0406F01D1E50045D55A
:10200000C4F301640125A5401D608D684FF4C073C1
:102010009DB1CE6835434E6845EAC605066803EBB8
:102020000417F5514FF4C275076805EB04150E69E6
:102030007E51097D012905D009E00E88CD6845EA69
:102040004655EBE701684E5946F480764E511179BA
:10205000D2F805504FF4C67641EA0521056806EB33
:102060000416A9511178D2F801204FF4C47541EA41
:102070000221026805EB04155151006803EB0411BD
:10208000425842F0010242500020F0BD416A41F442
:10209000001141620120F0BD10B590F820300268B7
:1020A000012B07D0022B05D0416A41F48021416207
:1020B000012010BDD2F8000240F00100C2F8000279
:1020C000087D00F01F0301209840D2F81C328343A2
:1020D000C2F81C32CB69B3B9D2F80C328343C2F8D0
:1020E0000C328C894B6864F31F434C6902EBC404C7
:1020F000C4F840320C890B6864F31F434C6902EB4F
:10210000C404C4F84432CB69012B16D1D2F80C3286
:102110000343C2F80C320C884B6864F31F434C69CC
:1021200002EBC404C4F840320C89CB6864F31F434B
:102130004C6902EBC404C4F844328B69002BD2F81A
:1021400004320FD053EA0003C2F804320B69002BAB
:10215000D2F8143208D00343C2F81432096A0129B4
:1021600004D008E08343EFE78343F5E7D2F81C127D
:102170000143C2F81C12D2F8000220F00100C2F89C
:102180000002002010BD704770B590F82040012C6F
:1021900005D0022C03D0416A41F4802128E0046874
:1021A00009B32469A40720D04FF4D874056804EB60
:1021B00001142D5915F00405956005682D591AD0A4
:1021C000ED08556005682C5904F00204D4604FF402
:1021D000DA74056804EB01142E5906F00F06082E78
:1021E0000CD308250DE0E468DCE7416A41F40011F6
:1021F0004162012070BD6D0D1560E3E72D5905F0BA
:102200000F05156105682D59C5F30725956105680A
:102210002C59240C54614FF4DC72046802EB011257
:10222000A4581C700468A458240A5C700468A4585C
:10223000240C9C700468A258120EDA704FF4DE72FF
:10224000046802EB0112A4581C710468A458240A03
:102250005C710468A458240C9C710468A258120E86
:10226000DA71006829B1016941F0200101610020A3
:1022700070BDC16841F02001C160F8E72DE9F05F51
:102280000546006800244669D0F804908768D0F8B5
:102290000CB0D0F810A0D0F81880F10748D0F9079A
:1022A00014D001218160B80703D5284600F005FA53
:1022B0000CE0780702D54FF4006407E0380702D538
:1022C0004FF4805402E0284600F0F6F9F80516D5E0
:1022D00029684FF480708860B80503D5284600F05F
:1022E000EEF90CE0780502D544F4005407E0380517
:1022F00002D544F4804402E0284600F0DFF9F803F8
:1023000016D529684FF480308860B80303D5284675
:1023100000F0D7F90CE0780302D544F4004407E05C
:10232000380302D544F4803402E0284600F0C8F9AE
:10233000300707D55FEACB6004D52968102044F444
:102340000074C86070074FF0080707D55FEA0B708C
:1023500004D52868C760284600F05AF9B00706D5AA
:102360002868C068800702D0284600F053F970063C
:1023700007D55FEACA6004D52968102044F4806458
:102380000861B00607D55FEA0A7004D528680761BE
:10239000284600F061F9F00606D528680069800734
:1023A00002D0284600F059F9B00308D55FEAC960A9
:1023B00005D5296810204860284600F04FF9F00341
:1023C00007D55FEA097004D528684760284600F001
:1023D00079F9300446D55FEA497040D5F00504D557
:1023E0005FEAC87001D044F00104B00504D55FEA8B
:1023F000887001D544F00204700504D55FEA487086
:1024000001D544F00404300529D518F0700F26D00A
:1024100008F07000402815D006DC102809D02028CC
:102420000AD0302816D10AE050280ED0602811D1E9
:102430000EE044F008040DE044F010040AE044F01B
:10244000200407E044F0400404E044F0800401E08C
:1024500044F480742868816921F0700181612968E1
:1024600004204860002C05D0686A20436862284632
:10247000FFF789FEBDE8F09F70B5040003D094F823
:10248000200010B104E0012070BD204600F082F869
:102490002068016841F00101016000F037FC054649
:1024A000052604E000F032FC401B0A2811D8206801
:1024B0004068C007F6D02068016821F00201016081
:1024C00000F024FC05460BE000F020FC401B0A282D
:1024D00006D9606A40F40030606284F82060D2E778
:1024E000206840688007EFD4207E012820680168BA
:1024F0003DD021F080010160607E012820680168E4
:1025000038D021F040010160A07E012820680168D8
:1025100033D021F020010160E07E012820680168AD
:102520002ED041F010010160207F01282068016851
:1025300029D021F008010160607F0128206801682E
:1025400024D021F004010160D4E902010843D4E958
:102550000412114308436168491E08432168C86199
:1025600000206062012084F82000002070BD41F04E
:102570008001C0E741F04001C5E741F02001CAE712
:1025800021F01001CFE741F00801D4E741F0040148
:10259000D9E7000010B586B00021009101910291A9
:1025A00003910068174988422AD11748C16941F050
:1025B0000071C161C16901F000710491816941F04C
:1025C000040181618069114C00F0040004904FF413
:1025D000006000906946204600F0A2FAA014009026
:1025E00002200190032003906946204600F098FAEB
:1025F00000221146142001F097F8142001F086F80B
:1026000006B010BD00640040001002400008014008
:10261000704700000EB50D4A00210D4801ABFFF7D1
:10262000B3FD0A480188ADF80010C16802290BD03B
:102630005FF000018DF80210007C8DF80300694600
:10264000044805F0CEF80EBD0121F3E7141900206F
:102650006C0C0020A00900207047704770470000F4
:1026600070B5044690F82000012804D0606A40F458
:102670000020606218E0022084F8200020680168D1
:1026800021F00101016000F041FB05460EE000BFB2
:1026900000F03CFB401B0A2808D9606A40F4003077
:1026A0006062052084F82000012070BD2068406829
:1026B000C007EDD1606270BD7047704770477047CA
:1026C00070477047704710B590F82110002202291A
:1026D00005D00421816380F82020012010BD01680D
:1026E0000B6823F00E030B6001680B6823F00103F5
:1026F0000B6090F84030C46B012101FA03F3636072
:1027000080F8211080F82020104610BD10B590F8F8
:1027100021100024022903D00421816301243DE01B
:1027200001680A6822F00E020A6001680A6822F055
:1027300001020A601A4A0168914201D1012121E097
:10274000174A1432914201D110211BE0144A283259
:10275000914201D1891515E0114A3C32914201D1D3
:1027600089140FE00E4A5032914202D14FF4803169
:1027700008E00B4A6432914202D14FF4801101E02B
:102780004FF08071064A083A5160012180F821100B
:10279000002180F82010416B01B18847204610BD10
:1027A000080002402DE9F05FC16B0C6801680B68FE
:1027B000D0F840C0042202FA0CF2494DDFF824A1FF
:1027C000494E4A4FDFF828B1DFF828E122422CD0E9
:1027D0005A072AD50A68920603D40A6822F004022E
:1027E0000A600168A94201D1042219E0514501D1D2
:1027F000402215E0B14202D14FF4806210E0B942AC
:1028000002D14FF480420BE0594502D14FF48022AF
:1028100006E0714502D14FF4800201E04FF0806282
:102820002F4908394A60C16A3BE04FF0020808FAB4
:102830000CF818EA040F4FF000094FF0010235D0F0
:102840005FEA837832D50B689B0605D40B6823F0CA
:102850000A030B6080F821200168A94201D10222FD
:1028600019E0514501D1202215E0B14202D14FF4C7
:10287000007210E0B94202D14FF400520BE059450A
:1028800002D14FF4003206E0714502D14FF400123C
:1028900001E04FF00072124908394A6080F8209038
:1028A000816A00291AD0BDE8F05F0847082505FABB
:1028B0000CF5254212D01B0710D50B6823F00E0330
:1028C0000B6090F84010C36B02FA01F1596082630B
:1028D00080F8212080F82090016BE2E7BDE8F09FAE
:1028E000080002401C000240300002404400024048
:1028F000580002406C00024030B528B308C81349A4
:1029000014221944B1FBF2F18900C16310498163BB
:10291000022141771A6843F6F0718A43D0E9001426
:102920002143D0E902452C432143046921434469F2
:10293000214384692143114319600021416301222D
:1029400042770177084630BD012030BDF8FFFDBF5A
:102950000000024070B5044690F8200000250128D0
:102960000CD0012084F8200094F821600020012E72
:1029700006D084F820000225284670BD022070BDD4
:10298000022684F82160A0632068066826F001060C
:1029900006602046FEF776FDE06A002820680168A0
:1029A00002D041F00E0106E021F004010160206830
:1029B000016841F00A0101602068016841F00101ED
:1029C0000160D9E770B5044600F0A0F90546601C27
:1029D00002D004480078044400F098F9401BA0425B
:1029E000FAD370BD500C0020264910B50B68264A5A
:1029F00014681B1BC82B44D30968244C1160B0F524
:102A0000005F17D0B0F5804F1CD0202822D0B0F541
:102A1000004F27D0B0F5805F2CD0B0F5807F30D14B
:102A20000020FEF765FC0620207019A0BDE81040CC
:102A300003F01CBF0121084602F010FB01202070AA
:102A400018A0F3E70021012002F008FB022020700B
:102A500019A0EBE70121022002F000FB0320207007
:102A60001AA0E3E70021022002F0F8FA0420207007
:102A70001BA0DBE70120FEF73BFC052020701DA01A
:102A8000D4E710BD580C00203C0000202800002096
:102A90004B65792045534320202050726573736540
:102AA000640A00004B657920557020202050726523
:102AB000737365640A0000004B657920446F776E7C
:102AC00020507265737365640A0000004B657920BD
:102AD0004C65667420507265737365640A0000006B
:102AE0004B6579205269676874205072657373650D
:102AF000640A00004B6579204F4B20202020507243
:102B000065737365640A0000044910B50A680242DF
:102B100002D00860FFF768FF10BD000014040140F8
:102B20002DE9F84FDFF8B8910024A9F1040B2346F2
:102B30000F2709F1040AABF1040EC9E00125A540F5
:102B40002A40AA427DD1674ED1F804C0ACEB0608FA
:102B5000B44532D014DCBCF1030F3AD009DCBCF12F
:102B6000000F2AD0BCF1010F1CD0BCF1020F31D1F3
:102B70001DE0BCF1110F17D0BCF1120F2AD119E0E2
:102B8000B8F5881F19D006DCB8F5803F15D0B8F528
:102B9000801F1FD111E0B8F5001F0ED0B8F5041F3B
:102BA00018D10AE0CB6815E0CB681B1D12E0CB689A
:102BB00008330FE0CB680C330CE08B682BB1012B92
:102BC0004FF0080303D0456104E0042302E00561EF
:102BD00000E00023FF2A01D8064601E000F10406C8
:102BE0004FEA840501D9A5F12005D6F8008007FA3F
:102BF00005FC28EA0C0803FA05F548EA0508C6F8BA
:102C000000804D68ED0062D5374DAE6946F0010693
:102C1000AE61AD6924F0030605F001050095334D62
:102C200006EB050CDCF80850A607360F07FA06F885
:102C300025EA0805DFF8B880404503D14FF00008C9
:102C400017E044E0DFF8AC80404502D14FF00108C6
:102C50000FE0DFF8A480404502D14FF0020808E001
:102C6000DFF89880404502D14FF0030801E04FF0B3
:102C7000040808FA06F848EA0508CCF808804D6808
:102C8000D9F80060ED024D4601D5164300E09643A9
:102C90002E604D68DAF80060AD02554601D5164346
:102CA00000E096432E604D68DBF80060AD035D46A2
:102CB00001D5164300E096432E604D68DEF80060B3
:102CC000ED03754601D5164300E096432E60641C63
:102CD0000D682A46E5407FF431AFBDE8F88F00006B
:102CE00008040140000011100010024000000140E3
:102CF00000080140000C0140001001400014014098
:102D00000AB1016170470904FBE7000001488068CF
:102D100070470000500C002070B5040025D094F8D6
:102D20003D00002520B984F83C50204600F03CFCD2
:102D3000242084F83D002068016821F00101016031
:102D40002068016841F4004101602068016821F4B5
:102D50000041016000F098FE4D4A6168914201D83F
:102D60004C4900E04C49884201D2012070BD4B49DA
:102D70002368B0FBF1F15E6826F03F060E435E600B
:102D80006368934206D94FF4967359434FF47A73AC
:102D9000B1FBF3F12368491C1E6A26F03F0631435C
:102DA00019626168914210D84900401EB0FBF1F2EF
:102DB000521CC2F30B02042A01D2042022E0B0FB11
:102DC000F1F0401CC0F30B001CE0A268F2B301EB71
:102DD000C10303EB0116431EB3FBF6F35B1C43F484
:102DE00080431B0549D092B301EBC10202EB0111F4
:102DF000401EB0FBF1F0401CC0F30B0040F48040DB
:102E000040F400402168CA694CF6FF739A431043AE
:102E1000C861D4E9071001432068026822F0C002AB
:102E200011430160D4E9030101432068826848F23C
:102E3000FF339A4311438160D4E9050108432168B7
:102E4000CA6822F0FF021043C86001E00EE016E0FD
:102E50002068016841F0010101602564202084F8A8
:102E60003D00256384F83E50002070BD01EB410613
:102E7000431EB3FBF6F35B1CB3E70120C2E701EB93
:102E80004101401EB0FBF1F0401CC0F30B00B7E75E
:102E9000A086010080841E0000093D0040420F0012
:102EA0002DE9F84F0025DDF82890984617468A4608
:102EB00004460095FFF72AFF064694F83D002028B7
:102EC0007AD11923012286492046009601F002FF9B
:102ED0000028F5D194F83C0001286DD0012084F839
:102EE0003C0020680168C90703D1016841F0010175
:102EF00001602068016821F400610160222084F8EB
:102F00003D00102084F83E0025646762A4F82A8002
:102F1000608D20857348E06233464A46514620461C
:102F200001F016FD00287CD1208DDFF8BC81202720
:102F300068B1012814D00228206801681ED041F42D
:102F4000806101602068416980690090BBE0206871
:102F5000416981690091016841F400710160B2E04A
:102F60002068016821F48061016072B620684169BF
:102F700081690091016841F400710AE041F4006147
:102F8000016072B62068416981690091016821F48D
:102F90008061016062B696E0032865D801280CD0F4
:102FA00002284B464FF000024146204600960BD0C7
:102FB00001F090FEA8BB0CE090E032464946204666
:102FC00001F02EFF68BB71E001F084FE48BB72B6D1
:102FD00033E02068016821F48061016072B62068E6
:102FE0000069616A0870606A401C6062208D401E42
:102FF0002085608D401E60853C4846F2A81100681F
:10300000B0FBF1F0C0EBC00000EB80000090401E70
:10301000009007D020684069C04340070DD5009854
:10302000F5E727E044F8305F6773A573206940F047
:103030002000206162B625731CE02068016841F41D
:103040000071016020680069616A0870606A401C54
:103050006062218D491E2185618D491E618562B6A0
:1030600021680969017025E032464946204601F091
:10307000D7FE10B10120BDE8F88F20680069616AB1
:103080000870606A401C6062208D401E81B22185FC
:10309000608D401E608520684269D243520712D479
:1030A000032903D1016821F480610160206800696F
:1030B000616A0870606A401C6062208D401E208535
:1030C000608D401E6085208D00287FF465AF84F8F8
:1030D0003D7084F83E5084F83C50CCE70220CAE7AB
:1030E000020010000000FFFF040001005C0C002043
:1030F0002DE9F84F1F4690468A460446DDF8289091
:10310000FFF704FE054694F83D0020287FD11923DF
:10311000012240492046009501F0DCFD002876D1CF
:1031200094F83C00012872D0012084F83C0020680B
:103130000168C90703D1016841F0010101602068FD
:10314000016821F400610160212084F83D00102015
:1031500084F83E0000262664C4F824806785608DCC
:1031600020852D48E0622B464A465146204601F014
:1031700065FC90B9206841698069009036E02A4674
:103180004946204601F084FE50B1206C042804D149
:103190002068016841F4007101600120BDE8F88FEA
:1031A000606A216800780861606A401C6062618D15
:1031B000491E6185218D491E89B221852268536986
:1031C000DB435B070BD451B100781061606A401C8F
:1031D0006062608D401E6085208D401E20852A46DD
:1031E0004946204601F04AFD0028CED1208D002816
:1031F000C5D154F83D0B016841F4007101602020F5
:1032000004F81E09E67766770020C7E7FFE702208B
:10321000C4E70000020010000000FFFF2DE9FF4F8F
:1032200083B00025DDE910799A4693460446DDF81F
:1032300048800095FFF76AFD064694F83D00202877
:103240007CD11923012288492046009601F042FDD5
:103250000028F5D194F83C0001286FD0012084F8B3
:103260003C0020680168C90703D1016841F00101F1
:1032700001602068016821F400610160222084F867
:103280003D00402084F83E0025646762A4F82A903F
:10329000608D20857548E062CDE9008653465A4628
:1032A0002046049901F018FC00287CD1208DDFF81D
:1032B000C091202768B1012814D002282068016835
:1032C0001ED041F4806101602068416980690090EE
:1032D000BCE02068416981690091016841F4007196
:1032E0000160B3E02068016821F48061016072B67A
:1032F0002068416981690091016841F400710AE028
:1033000041F40061016072B62068416981690091F1
:10331000016821F48061016062B697E0032865D8F6
:1033200001280CD0022843464FF0000249462046AF
:1033300000960BD001F0CEFCA8BB0CE091E0324629
:103340004146204601F06CFD68BB72E001F0C2FC12
:1033500048BB72B633E02068016821F480610160E7
:1033600072B620680069616A0870606A401C606219
:10337000208D401E2085608D401E60853D4846F2B0
:10338000A8110068B0FBF1F0C0EBC00000EB8000BA
:103390000090401E009007D020684069C04340075D
:1033A0000DD50098F5E727E044F8305F6773A57303
:1033B000206940F02000206162B625731CE020687F
:1033C000016841F40071016020680069616A087059
:1033D000606A401C6062218D491E2185618D491EF5
:1033E000618562B621680969017026E0324641466E
:1033F000204601F015FD18B1012007B0BDE8F08F9F
:1034000020680069616A0870606A401C6062208DF3
:10341000401E81B22185608D401E60852068426912
:10342000D243520712D4032903D1016821F48061E9
:10343000016020680069616A0870606A401C60620F
:10344000208D401E2085608D401E6085208D0028C7
:103450007FF464AF84F83D7084F83E5084F83C50AB
:10346000CBE70220C9E70000020010000000FFFFC8
:10347000040001005C0C00202DE9FF4F83B09A4648
:10348000DDE9119793460446DDF84080FFF73EFCE6
:10349000054694F83D0020287FD119230122404998
:1034A0002046009501F016FC002876D194F83C00E7
:1034B000012872D0012084F83C0020680168C90707
:1034C00003D1016841F0010101602068016821F425
:1034D00000610160212084F83D00402084F83E0016
:1034E00000262664C4F82480A4F82A90608D2085E4
:1034F0002C48E062CDE9007553465A4620460499AF
:1035000001F068FB70B930E02A463946204601F0E8
:10351000BFFC58B1206C042804D12068016841F434
:1035200000710160012007B0BDE8F08F606A21687A
:1035300000780861606A401C6062218D491E89B272
:103540002185628D521E628522685369DB435B07C9
:103550000BD469B100781061606A401C6062208DF4
:10356000401E2085608D401E6085208D0028CBD1B7
:103570002A463946204601F081FB0028CAD154F87A
:103580003D0B016841F400710160202004F81E0920
:10359000E67766770020C6E7FFE70220C3E7000072
:1035A000020010000000FFFF10B586B0002100915E
:1035B00001910291039100680F4988421AD10F4C82
:1035C000A06940F00800A061A069694600F0080009
:1035D0000490C0200090122001900320039008481E
:1035E000FFF79EFAE06940F40010E061E06900F442
:1035F0000010049006B010BD0054004000100240BE
:10360000000C0140024881680278114481607047D3
:10361000500C0020074810B5016841F0100101600E
:10362000032000F0A1F80F2000F006F800F04AF89F
:10363000002010BD0020024030B505461C4887B070
:10364000816941F400618161806906A900F400602C
:10365000009001A800F0F8F900F026FA1549164A82
:10366000B0FBF1F11548491E0260416040F2E732BB
:103670000021C0E903218160816100F011FC040098
:1036800012D10E4800F07EFC04000DD1192000F08C
:103690003DF8102D07D200222946192000F044F8E9
:1036A0000748056000E0012407B0204630BD000057
:1036B0000010024040420F00002C01406C17002017
:1036C000540C00200F4808B5816941F00101816167
:1036D000816901F001010091C16941F08051C1612E
:1036E000C069002200F0805000900F21901E00F071
:1036F0001BF80548416821F0E06141F0007141602C
:1037000008BD00000010024000000140002809DB55
:1037100000F01F02012191404009800000F1E020EB
:10372000C0F8001170470000F0B40E4B1B680C4647
:10373000C3F30223C3F10705042D00D90425191D85
:10374000072901D2002300E0DB1E012606FA05F15D
:10375000491E214099409E40761E16403143F0BCE0
:1037600003F0A8B80CED00E0064900F00702086875
:103770004FF6FF03184040EA0220034A1043086056
:10378000704700000CED00E00000FA0510B501469E
:103790000020234C012922D0022939D010291DD123
:1037A00061682268D20119D51E48C1F38342C9035A
:1037B000805C0AD561681B4AC1F34041921E515C8E
:1037C000194AB2FBF1F1484301E0184948436168E6
:1037D000490203D440000321B0FBF1F010BD226A7E
:1037E000C2F30121012903D1920701D5C80310BDFD
:1037F000022905D1626A920702D549F6404010BD00
:103800000329FCD121688903F9D54FF2244010BD6A
:1038100000F04AF96168C1F38131491C4900DBE7D6
:1038200000100240AAC5000800127A0000093D00FD
:103830002DE9F84305460078354CC00754D0E069BF
:103840000026C00008D4E06940F08050E061E069E3
:10385000012600F0805000902E480168C90512D45E
:103860000168804641F480710160FFF74FFA074616
:1038700005E000BFFFF74AFAC01B642823D8D8F838
:103880000000C005F6D5206A10F4407021D0A98848
:1038900001F4407181421CD0206A1F49012220F4AA
:1038A00040700A6000220A602062C00711D0FFF752
:1038B0002DFA074641F2883808E000BFFFF726FAE4
:1038C000C11B414502D90320BDE8F883206A800767
:1038D000F4D5206A696820F44070084320621EB164
:1038E000E06920F08050E0612878800705D56068A5
:1038F000A96820F44040084360602878C00605D5D8
:103900006068E96820F48000084360600020DBE71D
:103910000010024000700040400442422DE9F04790
:103920000F46050061D0434E306800F00700B842F2
:1039300009D2306820F0070038433060306800F06A
:103940000700B84251D128683B4C810712D5400787
:1039500003D5606840F4E06060602878000703D514
:10396000606840F4605060606068A96820F0F00012
:10397000084360602878C00728D06868012810D004
:103980002168022810D0890700292EDA616821F009
:10399000030101436160FFF7B9F9804641F28839BC
:1039A0000DE021688903EFE78901EDE7FFF7AEF944
:1039B000A0EB0801494502D90320BDE8F087606803
:1039C000696800F00C00B0EB810FEFD1306800F0B7
:1039D0000700B8420BD9306820F007003843306048
:1039E000306800F00700B84201D00120E5E72878F0
:1039F000400705D56068E96820F4E060084360602E
:103A00002878000706D56068296920F4605040EAEC
:103A1000C100606000F058F86168084AC1F3031102
:103A2000515CC8400649086006480068FFF704FE7C
:103A30000020C2E70020024000100240BAC5000882
:103A40005C0C0020540C00200F2202600C4A5368CA
:103A500003F003034360536803F0F003836053688B
:103A600003F4E063C36052684FF4E06303EAD202F8
:103A700002610448006800F0070008607047000019
:103A800000100240002002400448054900684968CF
:103A9000044AC1F30221515CC84070475C0C00200D
:103AA00000100240CAC5000804480549006849687A
:103AB000044AC1F3C221515CC84070475C0C00202D
:103AC00000100240CAC500080E4A51680E4801F0B5
:103AD0000C03042B11D0082B0FD10C48C1F38343E6
:103AE000C903C05C0AD55168084AC1F34041921E1F
:103AF000515C054A5043B0FBF1F07047044948431C
:103B0000704700000010024000127A0098C50008BB
:103B100000093D002DE9F84F040070D02078C04D19
:103B2000C00749D06868C0F38100012807D06868E1
:103B3000C0F38100022809D16868C00306D528684F
:103B4000800339D560680028E7D035E06068B0F5BB
:103B5000803F0BD010B1B0F5A02F11D0286820F411
:103B600080302860286820F4802002E0286840F433
:103B700080302860606890B1FFF7C8F806460AE018
:103B8000286840F480202860F0E700BFFFF7BEF807
:103B9000801B642873D828688003F7D50CE0FFF7F2
:103BA000B5F8064605E000BFFFF7B0F8801B6428B3
:103BB000F0D828688003F7D420789A4E80074FF019
:103BC00001094FF0000839D5686810F00C0F07D0D4
:103BD0006868C0F38100022809D16868C00306D470
:103BE0002868800714D52069012808D110E02069D1
:103BF000B0B1C6F80090FFF789F8074605E00AE182
:103C0000FFF784F8C01B0228C4D828688007F7D5BE
:103C10002868616920F0F80040EAC10028600DE0E2
:103C2000C6F80080FFF772F8074604E0FFF76EF869
:103C3000C01B022823D828688007F7D42078000703
:103C40002CD57948A169D9B1C0F80090FFF75EF88A
:103C5000074604E0FFF75AF8C01B02280FD8686A2D
:103C60008007F7D571484FF4FA510068B0FBF1F0C6
:103C7000009000BF0098411E0091FAD20EE080E053
:103C8000C0F80080FFF742F8074604E0FFF73EF86F
:103C9000C01B022875D8686A8007F7D420784007CF
:103CA00060D5E8690027C00008D4E86940F080507A
:103CB000E861E869012700F0805000905C480168E5
:103CC000C90513D40168834641F480710160FFF790
:103CD0001DF8824606E000BFFFF718F8A0EB0A00C7
:103CE00064284ED8DBF80000C005F5D5E06801284F
:103CF0000AD008B1052813D0286A20F001002862F4
:103D0000286A20F0040002E0286A40F001002862DE
:103D1000E06841F2883B98B1FEF7F8FF82460BE07D
:103D2000286A40F004002862EEE700BFFEF7EEFFCD
:103D3000A0EB0A0159455AD8286A8007F6D50CE04D
:103D4000FEF7E4FF824605E0FEF7E0FFA0EB0A0184
:103D500059454CD8286A8007F6D41FB1E86920F08D
:103D60008050E861E06988B36968C1F38101022984
:103D700044D00228C6F8608004D0FEF7C7FF04468E
:103D800038E034E0FEF7C2FF074604E0FEF7BEFF6E
:103D9000C01B02282BD828688001F7D4206AB0F510
:103DA000803F05D16868A16820F40030084368604E
:103DB000D4E908010843696821F474110843686074
:103DC000C6F86090FEF7A2FF044606E025E000BFBB
:103DD000FEF79CFF001B022809D828688001F7D550
:103DE0001BE000BFFEF792FF001B022802D9032050
:103DF000BDE8F88F28688001F4D40EE00128F7D0E0
:103E00006868226A00F48031914204D1616A00F44A
:103E10007010884201D00120EAE70020E8E70000A6
:103E20000010024000004242800442425C0C00202C
:103E3000007000407047704770B590F83C20012A30
:103E400026D0012480F83C40022280F83D200368FF
:103E50005A689D6822F070060A6832435A600D4B1A
:103E600002689A4208D0B2F1804F05D00A4B9A42BC
:103E700002D00A4B9A4204D1496825F080031943C5
:103E8000916080F83D40002180F83C10084670BDEC
:103E9000022070BD002C01400004004000080040DA
:103EA00010B5040003D094F83D0010B107E00120E4
:103EB00010BD002084F83C00204600F01FF80220CE
:103EC00084F83D00211D206801F0D6FF012084F810
:103ED000460084F83E0084F83F0084F8400084F8EF
:103EE000410084F8420084F8430084F8440084F8D8
:103EF000450084F83D00002010BD000008B50168B1
:103F00001D48B1F1804F11D01C4A91421DD1C169A9
:103F100041F00201C161C069002200F0020000907E
:103F200005211D20FFF700FC1D201FE0C16941F0A5
:103F30000101C161C069002200F00100009005216B
:103F40001C20FFF7F1FB1C2010E00D4A914211D11B
:103F5000C16941F00401C161C069002200F00400A0
:103F6000009005211E20FFF7DFFB1E20BDE8084062
:103F7000FFF7CCBB08BD0000001002400004004069
:103F80000008004090F83D10012901D00120704741
:103F9000022180F83D100168CA6842F00102CA603F
:103FA00000680B49884208D0B0F1804F05D009491C
:103FB000884202D00849884204D1816801F0070193
:103FC000062903D0016841F001010160002070471B
:103FD000002C0140000400400008004001680A6A0B
:103FE00041F211131A4207D10A6A9B101A4203D1F7
:103FF0000A6822F001020A60012180F83D100020C9
:10400000704770B5044690F83C000025012817D091
:10401000012684F83C60022084F83D002068826814
:1040200022F0770222F47F4282600868502838D05C
:104030000DDC20284FD005DC90B3102811D14AE0C8
:10404000022070BD302846D040280AD13BE06028CD
:104050002FD070280DD0B0F5805F03D0B0F5005F91
:1040600012D0012584F83D60002084F83C002846E9
:1040700070BDCB68D1E90121206801F039FF2068CB
:10408000816841F0770109E0CB68D1E9012120681E
:1040900001F02EFF2068816841F480418160E1E7F2
:1040A00019E0CA684968206801F034FF502120688F
:1040B00006E0CA684968206801F03DFF6021206879
:1040C00001F020FFCEE7CA684968206801F022FFAE
:1040D00040212068F4E7226801461046F0E7704767
:1040E0002DE9F04104460068C66805694FF00007F5
:1040F000A90713D5B10711D5F91E01610120207759
:10410000206880698007204602D0FFF7E8FF04E0BE
:1041100000F07EF8204600F07CF82777680716D577
:10412000700714D521686FF0040008610220207721
:104130002068806910F4407F204602D0FFF7CFFF4F
:1041400004E000F065F8204600F063F827772807C0
:1041500015D5300713D521686FF0080008610420D9
:1041600020772068C0698007204602D0FFF7B7FF9C
:1041700004E000F04DF8204600F04BF82777E80601
:1041800016D5F00614D521686FF0100008610820DC
:1041900020772068C06910F4407F204602D0FFF7E6
:1041A0009EFF04E000F034F8204600F032F8277754
:1041B000E80708D0F00706D021686FF00100086119
:1041C000204600F027F8280608D5300606D52168D5
:1041D0006FF0800008612046FFF72CFE680608D5C6
:1041E000700606D521686FF040000861204600F097
:1041F00043F8A8060AD5B00608D521686FF020005C
:1042000008612046BDE8F041FFF715BEBDE8F0812A
:104210007047704770B504460068104DA84201D140
:10422000FFF7F0F92068A8420BD10D480168491C3E
:104230000160B1F5FA7F0FD3002101600120094927
:1042400009E00949884207D10848FFF7C7FE084836
:1042500002F082FA0749087070BD0000002C01408E
:10426000240000201C00002000080040C41300208F
:10427000940C0020200000207047704710B50446C1
:104280000068406994F84110C0F3C010212911D191
:1042900080B12068143050E8001F21F0800140E810
:1042A0000012002AF5D1A06B08B1FEF70CFA2046E7
:1042B00002F02AF82068406994F84210C0F3801098
:1042C000222911D180B12068143050E8001F21F05C
:1042D000400140E80012002AF5D1E06B08B1FEF77A
:1042E000F2F9204601F0E9FF002010BD7047000000
:1042F000F8B5016804460868CA684B6910F00F0FEA
:104300004FF0000559D003F0010602F490773743CF
:1043100065D0C10705D0D10503D5616C41F001011D
:104320006164410705D5D90703D0616C41F00201F2
:104330006164810705D5D90703D0616C41F00401A0
:104340006164010707D502F02001314303D0616C9D
:1043500041F008016164616C00293AD0800604D5FF
:10436000900602D5204601F0DDFF20684069616CAF
:10437000C0F38010090700D460B3204601F09DFF10
:1043800020684069400621D52068143050E8001F9D
:1043900021F0400140E80012002AF5D1E06BA8B1FD
:1043A0006D494163E06BFEF7B1F9002811D0E06B75
:1043B000416B01B0BDE8F040084783060FD5930676
:1043C0000DD52046BDE8F84001F0ACBF2046FFF710
:1043D0008DFFF8BD2046FFF789FF6564F8BD266BA9
:1043E0002023012E7CD1C6067AD5D60678D508685A
:1043F0004868009048694FF00206400640D5E16BDE
:10440000086840680004000CE8D0A28D8242E5D91B
:10441000E085886920282DD020680C3050E8001FE6
:1044200021F4807140E80012002AF5D12068143090
:1044300050E8001F21F0010140E80012002AF5D1E8
:104440002068143050E8001F21F0400140E80012BD
:10445000002AF5D184F84230256320680C3050E8FA
:10446000001F21F0100140E80012002AF5D1E06B96
:10447000FEF729F96663A08DE18D401A81B22AE02A
:10448000A08DE18D401A81B2E08D0028A6D00029D0
:10449000A4D022680C3252E8000F20F4907042E859
:1044A0000007002FF5D12068143050E8002F22F0CB
:1044B000010240E80027002FF5D184F8423025633F
:1044C00020680C3050E8002F22F0100240E8002352
:1044D000002BF5D166632046FFF7CFFEF8BDFFE75E
:1044E00005062BD5150629D594F841002128F5D1CC
:1044F000A068B0F5805F01D12069B0B1206A411C8D
:104500002162216800784860E08C401E0004000CA5
:10451000E084E3D12068C16821F08001C160206897
:10452000C16841F04001C160D8E7206A0088C0F34B
:1045300008004860206A801C2062E5E74006CDD56F
:104540005006CBD5CA68204622F04002CA6084F8E3
:10455000413000F0E3F9C1E7BD61000870B5040027
:1045600004D094F84100002510B106E0012070BD90
:1045700084F84050204600F023F8242084F84100BD
:104580002068C16821F40051C160204601F02CFF71
:104590002068016921F4904101612068416921F09E
:1045A0002A0141612068C16841F40051C16065641D
:1045B000202084F8410084F842006563002070BD2B
:1045C0002DE9F04786B000240094019402940394EE
:1045D000054603685C48DFF86CC102210322DFF85E
:1045E0006C81061580274FF020094FF4005A63456F
:1045F00038D1836943F480438361836903F4804342
:104600000493836943F0040383618069039200F09B
:10461000040004900802CDE9000169464046FEF717
:104620007FFACDE90064694640460294FEF778FAC5
:10463000484E474806F11403C6E90004C6E902479C
:10464000346183E810063046FEF756F908B1FDF7ED
:10465000BFF9EE630022052125207562FFF764F89B
:10466000252029E0DFF8F0C063452AD1C36943F46F
:104670000033C361C36903F400330493836943F0D7
:10468000040383618069039200F004000490042015
:10469000CDE9000169464046FEF742FA0820CDE91F
:1046A0000004694640460294FEF73AFA00220521CA
:1046B0002620FFF739F82620FFF728F806B0BDE8D6
:1046C000F087DFF898C06345F8D1C36943F48023CD
:1046D000C361C36903F480230493836943F008032F
:1046E00083618069CDE9006100F00800CDE9032015
:1046F0001B4E69463046FEF713FAF014CDE900046C
:10470000694630460294FEF70BFA124E10484436C2
:104710002838C6E90004C6E9024706F114033461EB
:1047200083E810063046FEF7E7F808B1FDF750F9C8
:10473000EE630022052127207562FEF7F5FF272092
:10474000BAE70000003801400010024000080140B4
:1047500058000240E4160020004400400048004099
:10476000000C014090F84230202B01D0022070470D
:1047700021B11AB10023036301F092BE01207047FA
:1047800070B500681049002588420AD10F4C6B1E95
:1047900020784142CAB20E4901440E4800F06EF83A
:1047A00010E00D4988420ED10C4C20784142CAB22B
:1047B0000B4901440B48FDF7F3F8002802DA0AA080
:1047C00002F054F8257070BD003801403800002018
:1047D0000C1400209C1600200048004039000020E6
:1047E0000C150020940C00204649464F2046756C5D
:1047F0006C0A000070B500681549884210D1154C4C
:104800004FF0FF332078C0F18001CDB212492A4623
:104810000144124800F032F820782844207070BD1E
:104820000F498842FBD10F4D2878C0F18001CCB2EE
:104830000D49224601440D48FDF7B2F8002802DA7E
:104840000BA002F013F828782044287070BD0000F7
:1048500000380140380000200C1400209C16002075
:1048600000480040390000200C150020940C002066
:104870004649464F2046756C6C0A00002DE9F84306
:10488000044690F84100984616460D46202802D06E
:104890000220BDE8F88385B17EB10020606421204C
:1048A00084F84100FEF732FAA6848146E684A068C7
:1048B0002027B0F5805F02D003E00120E9E72069FE
:1048C00010B12E4600250EE000260CE08021204687
:1048D00001F02EFEA8B9C6B116F8010B2168486098
:1048E000E08C401EE084E08C4B464FF00002CDF897
:1048F00000800028EAD14FF04001204601F018FE68
:1049000040B184F841700320C3E735F8020BC0F3CF
:104910000800E3E784F841700020BAE77047FEE73B
:1049200001684A69D24352050FD46FF480624A612C
:10493000002140F8301F202242738173026942F047
:1049400004020261017301207047002070470000DB
:104950002DE9F84F0446C06A1E4693460D4621686D
:104960000A6842F480620A60082807D0012805D04E
:1049700010F5803F02D0206B112804D12068016817
:1049800041F4807101604FF001195B4600224946F5
:104990002046009600F09EF94FF4007840B1206860
:1049A0000068C00501D5C4F840800320BDE8F88F39
:1049B0002069DFF884A0B0F5804F0FD00620216871
:1049C00000EAD51747F0F000086133465A460AF16D
:1049D0000601204600F0C6F958BB03E0E8B240F0FB
:1049E00001001CE02168E8B2086133465A4651468E
:1049F000204600F0B7F9E0B920684169816900916B
:104A0000016841F4807101605B46002249462046FE
:104A1000009600F05FF90028C1D147F0F10021684D
:104A2000086133465A465146204600F09BF900285B
:104A3000BCD00120BAE7000002000100F8B504462E
:104A4000C06A1E460D461746082807D0012805D023
:104A500010F5803F02D0206B122804D12068016835
:104A600041F480710160134600224FF0011120468D
:104A7000009600F02FF940B120680068C00502D50B
:104A80004FF4007020640320F8BD2069B0F5804F1A
:104A90000ED00620216800EAD51040F0F000086131
:104AA00033463A460B49204600F05CF978B902E0FB
:104AB00005F0FE0000E0E8B22168086105493346D0
:104AC0003A46891F204600F04DF90028DCD001202D
:104AD000F8BD0000080001002DE9F84F0446006809
:104AE00089460B9D01689846174641F48061016034
:104AF0002068016841F48071016000954FF0011B4E
:104B00000022594620460A9B00F0E4F84FF4007A50
:104B100040B120680068C00501D5C4F840A003205A
:104B2000BDE8F88F216809F0FE0008612B4628498E
:104B300020460A9A00F016F9F0BB206841698069A6
:104B400000902A4620460A9900F0A2F940B1206C54
:104B500004283AD12068016841F40071016034E012
:104B6000FEB2B8F1010F09D02168380A08612A465F
:104B700020460A9900F08CF90028E8D120680661E7
:104B80002A4620460A9900F083F90028DFD12068E0
:104B9000016841F480710160009500225946204669
:104BA0000A9B00F097F80028B3D1216809F0FF00B4
:104BB00040F00100086100E007E02B460449204670
:104BC0000A9A00F0CFF80028AAD00120A8E7000038
:104BD000020001002DE9F843044600680D46DDE9B6
:104BE000089701689846164641F4807101604B466B
:104BF00000224FF001112046009700F06BF848B1F9
:104C000020680068C00502D54FF4007020640320BE
:104C1000BDE8F883216805F0FE0008613B464A467E
:104C20001549204600F09EF888B9206841698069DE
:104C300000903A464946204600F02AF948B1206CD7
:104C4000042804D12068016841F40071016001204A
:104C5000DEE7F5B2B8F1010F09D02168300A08612A
:104C60003A464946204600F013F90028E7D120686B
:104C700005610020CCE700000200010070B5164677
:104C80000D4604461EE02046FFF74AFE08B101200B
:104C900070BD681C16D0FEF739F8801BA84200D8FA
:104CA00085B920684069C04340070BD5002044F80F
:104CB000300F20216173A073216941F0200121612F
:104CC0002073E4E720684069C0434007DBD400203C
:104CD00070BD00002DE9F047984617460D46044682
:104CE000C1F30746DDF820902AE000BFB8F1FF3F8E
:104CF00026D0FEF70BF8A0EB0901414502D8B8F128
:104D0000000F1DD12068012E16D0806925EA000011
:104D10000004000C12D00020B84211D1002044F849
:104D2000300F20216173A073216941F020012161BE
:104D300020730120BDE8F0874069E7E70120EBE739
:104D40002068012E0AD0806925EA00000004000CCA
:104D500006D00020B842C9D00020EBE74069F3E755
:104D60000120F7E72DE9F047984616460D46044620
:104D70004FF000094FF0200AC1F3074723E02068F5
:104D80004069C043400515D42068016841F40071B2
:104D9000016021686FF480604861C4F8309084F845
:104DA0003DA084F83E90216C41F00401216484F818
:104DB0003C9021E0701C06D0FDF7A8FFA0EB080096
:104DC000B04203D816B1012F1FD021E02068012F77
:104DD00015D0806925EA00000004000C18D000BF3F
:104DE00044F8309F84F80DA084F80E90216941F0BA
:104DF0002001216184F80C900120BDE8F087406912
:104E000025EA00000004000CEAD12068406901E0B6
:104E10002068806925EA00000004000CAFD1ECE7AF
:104E20002DE9F041002590460E460446202728E053
:104E30004069C043C0060CD454F8301B6FF010001A
:104E4000486144F810596777A577206A2062257772
:104E500014E0FDF75BFFA0EB0800B04200D886B974
:104E600020684069C04340060BD544F8305F677343
:104E7000A573206940F02000206125730120BDE862
:104E8000F08120684169C9434906D1D40020F6E782
:104E900070B516460D4604461EE02046FFF740FD5D
:104EA00008B1012070BD681C16D0FDF72FFF801BD4
:104EB000A84200D885B920684069C04300060BD5D8
:104EC000002044F8300F20216173A073216941F064
:104ED000200121612073E4E720684069C043000697
:104EE000DBD4002070BD00007CB500258DF8045097
:104EF00047208DF80500FF248DF80640032301AA02
:104F000082210B480094FEF7F3F80520FDF75AFDC7
:104F100005208DF8040014208DF805008DF806504A
:104F2000032301AA822102480094FEF7E1F87CBD28
:104F3000E012002070B500F059F8064600F03AF88B
:104F4000044600F06FF805463046FBF77CFD134938
:104F5000FBF76AFB06462046FBF775FD1049FBF799
:104F600063FB1049FBF792FB04462846FBF76BFDF9
:104F70000D49FBF759FB05460C492046FBF754FB4E
:104F8000FBF773FD0A4CE0803046FBF76EFD208195
:104F90002846FBF76AFD608170BD0000CDCCCC3D9A
:104FA0000000A03F00007A44000020400000C842FA
:104FB000D41800203EB50BA0FF2400680290012306
:104FC00002AA822100940848FEF792F8022301AA5F
:104FD000822105480094FDF763FFBDF8040040BA44
:104FE0003EBD000002000000E01200203EB50BA014
:104FF000FF2400680290012302AA8221009408483D
:10500000FEF776F8022301AA822105480094FDF7F5
:1050100047FFBDF8040040BA3EBD00000400000098
:10502000E01200203EB50BA0FF240068029001238F
:1050300002AA822100940848FEF75AF8022301AA26
:10504000822105480094FDF72BFFBDF8040040BA0B
:105050003EBD000003000000E01200200A4B0128C2
:1050600008D002280ED1C001012906D0002909D19B
:10507000012203E04FF40070F6E7002201461846D3
:10508000FDF73EBE70470000000C014000F008F83C
:105090004FF4FA6400F090F8204603F084FBF9E73F
:1050A00010B5FCF713FBFCF731FA012804D10349D2
:1050B000087003A001F0DAFB012010BD1F000020E2
:1050C0004D51545420E69C8DE58AA1E599A8E8BF8E
:1050D0009EE68EA5E68890E58A9F20200A000000C3
:1050E0002DE9F04102F0FAFA070039D025A102F0CB
:1050F000E7FA064625A1384602F0E2FA054625A160
:10510000384602F0DDFA044624A1384602F0D8FA07
:105110000146244836B17269002A028825D042F03F
:105120000102028035B16A69002A028820D042F06B
:105130000202028034B16269002A02881BD042F068
:105140000402028031B149690029018816D041F07A
:1051500008010180384602F08BFA0120BDE8F08199
:1051600011A001F083FB0020F8E722F00102D8E74C
:1051700022F00202DDE722F00402E2E721F008015A
:10518000E7E700004C454431000000004C45443244
:1051900000000000424545500000000052454C41CF
:1051A00059000000D4180020706172736520666198
:1051B000696C2E0A0000000010B5154886B00DF18C
:1051C000040C0189C489838942898CE81E00C18846
:1051D0000091838842880F490F4801F057FBFCF784
:1051E000F9FB0D4B02460DA103F1800001F04EFBCF
:1051F00009488030FBF72EF8074982B24FF47A73E2
:1052000080311048FFF73AFB06B0012010BD0000C6
:10521000D418002014C60008BC0D002041542B4DAA
:105220005154545055423D302C2253544D33322F5B
:1052300055704C6F61642F2573222C25732C302CF4
:10524000300D0A009C1600203EB500211248009146
:105250000191104A0291026081600173017501247D
:105260004FF460220461C2614160FCF7EDFC08B1BB
:10527000FCF7AEFB07200094CDE9014069460648E3
:10528000FCF760FC08B1FCF7A3FB0348FCF7EEFB5E
:105290003EBD000000240140B01200200F4810B5B0
:1052A0000D4901600821416000214FF4A022816076
:1052B000C0E903124FF48012426101764176817693
:1052C000C17601774177FDF7D7F8002803D0BDE814
:1052D0001040FCF77DBB10BD006400406C0C00204A
:1052E0000D4808B5416941F0010141614069002262
:1052F00000F00100009005210D20FEF715FA0D20A9
:10530000FEF704FA002205210F20FEF70DFABDE892
:1053100008400F20FEF7FAB90010024010B596B011
:105320001C2211496846FAF75FFF0021684603F026
:1053300046FA0E4C0C491C2220601C3107A8FAF7D3
:1053400053FF002107A803F03AFA074960601C22C6
:1053500038310EA8FAF748FF00210EA803F02FFA03
:10536000A06016B010BD00003CC200082C00002058
:105370002DE9F04186B000253C4800950195029545
:105380000395816941F010018161816901F010018B
:105390000491816941F020018161816901F020015E
:1053A0000491816941F004018161816901F0040186
:1053B0000491816941F00801816180692C4F00F0FE
:1053C00008004FF400540490002221463846FDF7AF
:1053D00097FCDFF8A080002206214046FDF790FCF4
:1053E00001224FF440714046FDF78AFC009401AA67
:1053F0000124022682E8700069463846FDF790FBDA
:1054000040F202308DE8710069464046FDF788FBA6
:1054100004208DE831000320039069464046FDF7E3
:105420007FFB154D4FF22000CDE90005694602943F
:105430004046FDF775FB2002CDE900056946029460
:105440000E48FDF76DFB002205211720FEF76CF9D1
:105450001720FEF75BF9002205212820FEF764F9EA
:105460002820FEF753F906B0BDE8F0810010024095
:1054700000100140000C0140000021100008014014
:105480000D4810B50B4901600C49416000214FF4F3
:1054900080428160C0E9031241618161C1610162A2
:1054A000FDF73AFC002803D0BDE81040FCF790BAA5
:1054B00010BD000000540040E0120020A086010052
:1054C00010B586B000241748009401940294039408
:1054D00004944FF08041059401604721C0E9011414
:1054E0004FF40051C0E9031480218161FEF7D8FC1C
:1054F00008B1FCF76DFA4FF48050009069460948F6
:10550000FEF77FFD08B1FCF763FA049404A905488F
:105510000594FEF791FC002801D0FCF759FA06B07B
:1055200010BD00003413002010B586B000241748C9
:105530000094019402940394049413490594016027
:1055400040F60F61C0E901146421C0E903148461CD
:10555000FEF7A6FC08B1FCF73BFA4FF48050009030
:1055600069460A48FEF74DFD08B1FCF731FA04948C
:1055700004A906480594FEF75FFC002801D0FCF75B
:1055800027FA06B010BD0000000400407C13002084
:1055900010B586B000241748009401940294039437
:1055A000049413490594016041F61F41C0E90114B8
:1055B0006421C0E903148461FEF772FC08B1FCF7B2
:1055C00007FA4FF48050009069460A48FEF719FD2B
:1055D00008B1FCF7FDF9049404A906480594FEF708
:1055E0002BFC002801D0FCF7F3F906B010BD000039
:1055F00000080040C41300200C4810B50A4901609F
:105600004FF4E1314160002181600C22C160C0E9AA
:1056100004128161C161FEF7A1FF002803D0BDE83B
:105620001040FCF7D5B910BD003801400C16002021
:105630000C4810B50A4901604FF4E1314160002186
:1056400081600C22C160C0E904128161C161FEF772
:1056500085FF002803D0BDE81040FCF7B9B910BDA4
:1056600000440040541600200C4810B50A4901605F
:105670004FF4E1314160002181600C22C160C0E93A
:1056800004128161C161FEF769FF002803D0BDE803
:105690001040FCF79DB910BD004800409C1600204A
:1056A000FEE700F009F802F0DDFB00F029F80A201F
:1056B00003F079F8F7E7000038B50B49002000F057
:1056C00067FA094C09A0641E617801F0CFF8002048
:1056D00000904FF4E1330246617802F05DFBBDE8D3
:1056E000384002F079B900001D000020536C61764B
:1056F00065416464726573733D25640A00000000AF
:1057000070B5224C2078002630B12670FBF746FD9C
:10571000FFF710FCFBF778FCA0781D4D90B1A67048
:10572000A97C6170002001F08BF80A20FDF74AF98E
:1057300002F042F902F030F9FFF7BEFF6178154838
:1057400005F010FA2878C00701D0012100E00021FF
:105750000120FFF783FC2878800701D5012100E0B4
:1057600000210220FFF77AFC2878400701D50120AC
:1057700000E00020FBF7BCFD2878000701D50120E0
:1057800000E00020BDE8704000F0F2B91C000020ED
:10579000D4180020A0090020FEE70020AFF300800D
:1057A00070B506465FF0000404F1B000C0B201F02D
:1057B00023F8002001F020F8102001F01DF800254A
:1057C000304601F02BF86D1CEDB2802DF8D3641C2F
:1057D000E4B2082CE8D370BD10B50120FDF7F2F853
:1057E000AE2001F009F8202001F006F8102001F0A9
:1057F00003F8B02001F000F8C82000F0FDFF002001
:1058000000F0FAFF102000F0F7FF402000F0F4FF56
:10581000812000F0F1FFFF2000F0EEFFA12000F05A
:10582000EBFFA62000F0E8FFA82000F0E5FF3F20F6
:1058300000F0E2FFA42000F0DFFFD32000F0DCFF47
:10584000002000F0D9FFD52000F0D6FFF02000F0B6
:10585000D3FFD92000F0D0FF222000F0CDFFDA20C6
:1058600000F0CAFF122000F0C7FFDB2000F0C4FFE9
:10587000202000F0C1FF8D2000F0BEFF142000F0BA
:10588000BBFFBDE81040AF2000F0B6BF10B5044626
:10589000B031C8B200F0B0FF102040EA141000F0A0
:1058A000ABFF04F00F00BDE8104040F0010000F035
:1058B000A3BF00002DE9F047002591468A46044623
:1058C000012B22D0DFF8BC80022B24D155E02038F8
:1058D000C7B27E2C04D90AF10100002400F0FF0AAF
:1058E00051462046FFF7D2FF07EB4700002608EBA2
:1058F0004007B85D00F092FF761CF6B2062EF8D392
:10590000A41D6D1CE4B2EDB201E0DFF87C8019F853
:1059100005000028DBD1BDE8F0872038C7B2782C1D
:1059200004D90AF10100002400F0FF0A5146204684
:10593000FFF7ACFF5FF0000606EB071118F8010057
:1059400000F06CFF761CF6B2082EF5D30AF10100C8
:10595000C1B22046FFF79AFF5FF0000606EB071181
:1059600001EB0800007A00F059FF761CF6B2082E11
:10597000F4D308346D1CE4B2EDB219F80500002828
:10598000CBD1C8E74CBC000824BA000810B505F01C
:10599000FDF9002010BD10B5044602F059FD204667
:1059A00002F016FD002010BD10B5044602F0D4FE32
:1059B000204602F095FE002010BD0000D0F808122D
:1059C000097869B900210A4606E000BFD0F80C3218
:1059D00043F82120491CC9B290F805328B42F5D812
:1059E0000020704730B401EBC102846802254FF0FB
:1059F000FF3305EB4205635300238468062505EB5E
:105A00004202A35230BCC9B204F0A0BF30B401EBD3
:105A1000C102846804254FF0FF3305EB4205635350
:105A20008368C9B213F8124024F0010403F812404D
:105A300030BC04F08BBF00002DE9FC4106464069F4
:105A40004FF4C0550489B0690789C4B1DFF83C80C0
:105A5000BC4214D801AB6A462946304604F06BFFBD
:105A6000009838B9019828B1C0F80880C0F80C80B7
:105A7000C0F814806D1C641CADB2A4B2E8E73046D7
:105A8000BDE8FC41002101F062BC00005B5F000842
:105A90002DE9F0470446406900260589A069B0F861
:105AA000088035BBBDE8F087A16806EBC607022079
:105AB00000EB470931F90900FBF7FAFCA26822F86C
:105AC0000900A168042000EB470931F90900FBF740
:105AD000EFFCA268761CF6B222F80900A16800204B
:105AE000062201F81700A16802EB47026D1C8852DC
:105AF000ADB24545D8D9D5E73EB50446D0F8A400A7
:105B00000088A8B120686946007800F5E060ADF82B
:105B1000000001208DF8030000208DF8020094F8A9
:105B200078008DF80400D4F8E00101F097FE3EBD46
:105B300034F9A80FFBF7BCFC20803EBDD0E9401033
:105B4000814201D10120704700207047D0F8041134
:105B5000D0F80001491CCA1701EB126222F0FF02C3
:105B6000891A814201D1012070470020704700004E
:105B7000064B012806D0002806D100220221184633
:105B8000FDF7BEB80122F9E770470000000C0140A4
:105B90003EB50C4601254FF47A710094CDE90151D0
:105BA00002462B46A1210548FDF738FB207808B1B5
:105BB000FF2800D1257001203EBD0000E01200202A
:105BC0007CB51D46144601AB6A4604F0B4FE00994C
:105BD00031B9019921B10079A04201D941F824508D
:105BE00000987CBD2DE9FC41054640690F46408880
:105BF000002831D007EB870105EB0114A96994F85F
:105C0000282049881044884226D86968134E51F8E4
:105C10003000C06A90F800804FF0FF30A4F87200A6
:105C2000852084F82A0094F83200CDE90006238EFE
:105C300094F82910284604F05DFFE662626F2AB1ED
:105C4000414628469047E06AB04205D1F9B228465D
:105C5000BDE8FC4104F056BEBDE8FC81000004052F
:105C60001FB501EB810100EB01114A6B0AB98A6B88
:105C70004A630392012203ABCDE90032029201F1A3
:105C80003C0391F83220098E01F0F0FB04B010BD06
:105C900070B501EB810100EB01118C6BA01820287D
:105CA00001D9FF2070BD002006E026181D5C0E44BF
:105CB000401C86F83C50C0B29042F6D3886B10442A
:105CC0008863002070BD00002DE9F05F8B462149FC
:105CD00082460026B1F900001C4691461C4D401C2E
:105CE00008E000BFB9F1000F01D02A7852B1761C4C
:105CF00036B21835864201DC082EF3DB4FF0FF3058
:105D0000BDE8F09F8846864201D1A8F8000002F065
:105D1000DBFA07464FF4005120468C4200D3084678
:105D2000D8F80420BA4207D9D21B824204D93A18C3
:105D3000C8F8042005F00EF8E019C5E903B0C5E97C
:105D400001A90A986861012028703046D8E7000050
:105D5000A01A0020E00B0020074B012018700868F3
:105D600002EB4201082202EB81014058034900780E
:105D700048820020704700001E000020D418002038
:105D800004F0D4BE10B5502080F31188BFF34F8FBC
:105D9000BFF36F8F05F07EFD18B104494FF08050BE
:105DA0000860002080F3118810BD000004ED00E0C1
:105DB00030B593B028216846FAF72FFA14210AA8C3
:105DC000FAF72BFA002501200F9510951195010483
:105DD00012958DE8230004904FF4E010CDE90810EF
:105DE000022407946846FDF795FE08B172B6FEE7F7
:105DF0000AA90F2081E831004FF48060CDE90D053C
:105E000002210AA8FDF78AFD08B172B6FEE74FF439
:105E1000004011900F940FA8FDF70AFD002801D053
:105E200072B6FEE713B030BD704700000148FEF7C0
:105E300057B900006C17002010B50348FEF750F961
:105E4000BDE8104000F06EB934130020054800682A
:105E50000169C90705D06FF00101016102480068BE
:105E6000004770477C130020680000200148FEF7BF
:105E700037B90000C4130020F0B50268194B1A4C62
:105E80001A4D4FF08047984205D0B84203D0A04247
:105E900001D0A84203D122F070064A6832439842EA
:105EA00005D0B84203D0A04201D0A84203D122F4C9
:105EB0004074CA6822434C6922F080022243026087
:105EC0008A68C2620A688262984201D109690163E4
:105ED000012141610169C90703D0016921F0010174
:105EE0000161F0BD002C01400004004000080040AA
:105EF00010B5846842EA032224F47F440A43224313
:105F0000826010BD826822F070020A4342F00701ED
:105F10008160704710B5036A046A24F001040462CA
:105F2000846924F0F00444EA021423F00A020A43CC
:105F30008461026210BD10B5036A046A24F0100483
:105F40000462846923F0A00324F4704444EA02321A
:105F500043EA01118261016210BD2DE9F04104465E
:105F600090F87E0048B3022A03D0032A01D0052A04
:105F700023D16269A088127A00EBC200081AC0F32C
:105F8000C705A16805EBC506022000EB4607C85F00
:105F9000FBF78EFAA168C853A168042000EB4607FE
:105FA000C85FFBF785FAA168C853A168002001F813
:105FB000160029462046FFF715FD0020BDE8F081B8
:105FC00030B5002341F20265441B1360A84261D042
:105FD00028DC41F20144A0EB0402A04250D016DCC0
:105FE00041F21804A0EB0402A04243D008DCB0F553
:105FF000805F3DD06FF48052D04235D1012064E003
:10600000B2F5F47F38D0B2F57A7F2DD136E0012A8F
:1060100038D0022A38D0A2F58072FF3A36D0012A51
:1060200022D135E040F2FE35A4F2FE30AC4245D03C
:1060300011DC40F2FF15A4F2FF10AC4231D005DCB8
:10604000012C29D0B4F5FF7F0ED127E001282DD0F7
:10605000022809D12EE0012832D0022832D00328AC
:1060600032D0B0F5C06F35D01C480860002030BD7C
:1060700000202AE0022028E0032026E0042024E07B
:10608000052022E0062020E007201EE008201CE07A
:1060900009201AE00A2018E00B2016E00C20104C12
:1060A00002E00F4C0D201C3414600EE00C4C0E204E
:1060B0003834F9E70A4C0F205434F5E7102004E097
:1060C000112002E0122000E013200B60054901EBD3
:1060D000C00030BD1420044CE6E7000000000206BA
:1060E000B0190020D4C40008A80800209F2803D1BC
:1060F000087808B101487047002070473000090651
:1061000070B50546064C05E028466D1E06D30120F5
:10611000FCF758FC20780028F6D0207870BD0000ED
:10612000200000202DE9F0414FF4005402F0CCF89B
:10613000204D02466868831800211F4815E0067844
:10614000F6070FD006699E421DD84669C6B1B2FB5C
:10615000F6F706FB1727F61B032706610770A64212
:1061600000D23446491C09B21830B5F90060B1427A
:10617000E5DD20466C6004F0EDFD00260E4C13E0DA
:1061800002260670EEE7F61A0661E8E72078810736
:1061900007D520F002002070A26812B1E1686068A3
:1061A0009047761C36B21834B5F900008642EDDD12
:1061B000BDE8F081E00B0020A01A002010B5406A75
:1061C0000021C185C184FEF791F810BD70B5446A05
:1061D0002068406994F84110C0F3C01000252129BF
:1061E00004D118B1E584204600F08EF8206840699B
:1061F00094F84210C0F38010222904D118B1E5852B
:10620000204600F05AF8606C40F0100060642046B0
:10621000FEF76CF870BD10B50146406A0968096860
:106220004FF0000289062ED4C28501680C3151E876
:10623000003F23F4807341E80034002CF5D101685D
:10624000143151E8003F23F0010341E80034002CF1
:10625000F5D10168143151E8003F23F0400341E8D3
:106260000034002CF5D1202180F84210016B012967
:1062700009D101680C3151E8003F23F0100341E8D7
:106280000034002CF5D14263016B012902D0FEF7E6
:1062900077FA10BD818DFDF7F0FF10BD10B5406A93
:1062A00001214163016B012902D0FEF7A3FA10BD61
:1062B000818D4908FDF7E1FF10BD01680C3151E8FF
:1062C000002F22F4907241E80023002BF5D10168E1
:1062D000143151E8002F22F0010241E80023002B85
:1062E000F5D1016B012909D101680C3151E8002F6A
:1062F00022F0100241E80023002BF5D1202180F884
:10630000421000210163704701680C3151E8002FF1
:1063100022F0C00241E80023002BF5D1202180F8B3
:106320004110704708B590F84210222901D0022090
:1063300008BD82684FF480539A4201D1016921B1AE
:10634000816A9A421BD04AB10AE00268816A5268A7
:10635000C2F308020A80816A891C08E0026972B1EE
:106360000268526802F07F020A70816A491C8162E9
:10637000C18D491E0904090CC18503D01BE00268C8
:106380005268F1E70168CA6822F02002CA60016819
:10639000CA6822F48072CA6001684A6922F0010268
:1063A0004A61202180F8421000214163026B012ADA
:1063B00003D0FEF7E5F9002008BD016301680C3148
:1063C00051E8002F22F0100241E80023002BF5D104
:1063D00001680A68D20602D50A6849680091818D71
:1063E000FDF74BFFE7E7000070B504460068016960
:1063F000E26821F44051114301612169A06808431A
:10640000616908432168CA6841F20C639A430243F8
:10641000CA6020684169A26921F440711143416159
:106420001E492068884202D1FDF73EFB01E0FDF7DE
:106430002BFB00EBC00101EB0012606864218000BF
:10644000B2FBF0F3B3FBF1F36FF018067343B2FB4A
:10645000F0F5B2FBF0F605EB8305322303EB0515EF
:10646000B5FBF1F5B6FBF1F605F0F00505EB061509
:10647000B2FBF0F6B2FBF0F0B0FBF1F06FF01802F7
:10648000504306EB800003EB0010B0FBF1F02168F5
:1064900000F00F002844886070BD00000038014003
:1064A00038B581620446828500201346606422224A
:1064B00084F84220E56B1B4AAA62E56B1A4AEA623D
:1064C000E56B1A4A2A63E26B50630A462168E06B67
:1064D000091DFCF73FFA20680168406800902069B8
:1064E00048B120680C3050E8001F41F4807140E84A
:1064F0000012002AF5D12068143050E8001F41F046
:10650000010140E80012002AF5D12068143050E85B
:10651000001F41F0400140E80012002AF5D10020A0
:1065200038BD0000176200089D620008CD610008B8
:106530002DE9F843984617460D460446089E24E088
:10654000701C22D0FCF7E2FBA0EB0800B0421AD886
:10655000CEB12068C168490717D5802D15D0402DD0
:1065600013D00168C94309070FD4016800254068AA
:1065700000902046FFF7A1FE0820606484F8405098
:106580000120BDE8F8830320FBE72068006835EAB6
:10659000000004D00020B842D2D00020F1E7012052
:1065A000F9E7000010B50448FDF7A2FEBDE8104071
:1065B000014800F037B800000C16002010B50D4C53
:1065C00020680168890605D56FF0200101600A483E
:1065D000006880472068016809060AD501684906F5
:1065E00007D56FF08001016004480068BDE81040E5
:1065F000004710BD541600206000002064000020F9
:1066000010B50448FDF774FEBDE81040014800F0E5
:1066100009B800009C1600200148FBF72FBE0000BF
:106620006C0C002038B504463C4B00689D156FF09B
:1066300002016FF00402984231D103689B0702D433
:1066400003685B0712D5016020680260606C00F08F
:1066500004006064606C00F0020060642046FDF796
:106660000DFE2A462E492046FEF77CF82068016878
:10667000C943C90651D401684068009029480068A0
:106680004068294C41424FF0FF332078091ACDB2BF
:1066900023492A4601442548FEF7F0F83AE0244B06
:1066A00098423AD103689B0702D403685B0712D56E
:1066B000016020680260606C00F004006064606C3F
:1066C00000F0020060642046FDF7D8FD2A46194913
:1066D0002046FEF747F820680168C943C9061CD464
:1066E000016840680090144800684068134C4042BC
:1066F0002178401AC5B21248FDF744FC0D482178B4
:106700002A4601440F48FBF74BF9002802DA0EA095
:1067100000F0ACF820782844207038BD00380140E3
:106720000C140020E4160020380000209C160020E5
:10673000004800400C1500202817002039000020D8
:10674000C4130020940C00204649464F2046756C27
:106750006C0A0000FEE700002DE9F041070017D0A9
:1067600000241C4E4FF47A780BE031190D46384660
:10677000FAF7B4FE2946434601221748FEF77EF891
:10678000641C3846FFF7DAF90028EED000203055B7
:106790001248007860B10A2211A10E48F9F76FFD86
:1067A00030B112A10B48F9F743FD08B1FEF798FC90
:1067B000084908482039F9F73BFD10B10120BDE830
:1067C000F0810BA10348F9F733FD0028F7D0022030
:1067D000F5E700005C0F00200C1600201F000020D1
:1067E00041542B4D51545450554200007B00000041
:1067F0004552524F520D0A001CB500218DF804106D
:106800008DF805004FF47A700090022301AA7821D8
:106810000148FCF76DFC1CBDE01200201CB54021B6
:106820008DF804108DF805004FF47A700090022363
:1068300001AA78210148FCF75BFC1CBDE012002096
:1068400003B583B04FF47A73012204A98DE80E00DA
:1068500013460246A0210348FCF70EFE05B00120B6
:1068600000BD0000E0120020704700000FB4054B8F
:1068700010B503A9044A029800F0D2F910BC5DF8E3
:1068800014FB0000B1820008600C00200FB4084B1C
:1068900010B504A902AA039800F0C2F9044602A99F
:1068A000002000F05BFE204610BC5DF814FB0000E9
:1068B0005D7500080907090E002804DB00F1E020DF
:1068C00080F80014704700F00F0000F1E02080F81D
:1068D000141D704730B528B1144C031F00202168E7
:1068E0000A4605E0084630BD9A4203D81046526871
:1068F000002AF9D1002800D041680BD00468A3EB2E
:106900000005A54204D11B681C440346046002E054
:10691000436000E023603AB11C68D51AA54203D158
:1069200015682C441C6052685A6030BD640C00200D
:106930002DE9F04782460F4C10480D4E0E4F001BBC
:106940004FF0000820F007054FF001090022114622
:10695000504601F0DFFD002802D1306810B1002060
:10696000BDE8F0873C60C4E90058C6F80090EDE748
:10697000680C002054280020640C0020502A0020BD
:1069800002E008C8121F08C1002AFAD170477047F8
:10699000002001E001C1121F002AFBD17047000056
:1069A0002DE9FF5F82B00021DDE90430020DDDF842
:1069B00040B0034318D044F61050A2F2FF324243D5
:1069C0001514119801281FD0A5EB0B00401C5FEA9D
:1069D000000A4FF000064E4FDFF83891B04650469F
:1069E00015D5CAF1000413E0119801244AA3012827
:1069F00001D16FEA0B010298119AC0E90031C0E998
:106A0000024206B0BDE8F09FCBF10000DFE704468C
:106A10000021404A491842EB0450CDE9001012E031
:106A2000E00707D032463B4640464946F9F713FF98
:106A30008046894632463B4610461946F9F70BFF19
:106A400006460F466410002CEAD1DDE90401DDE9B9
:106A50000023BAF1000F06DAF9F7FDFE42464B4675
:106A6000F9F7F9FE05E0F9F768FF42464B46F9F7FA
:106A700064FF04460E460022284BFAF741F803D87B
:106A80004FF0FF30014607E00022254B20463146FB
:106A9000F9F73AFEFAF7DEF9102409E0002C0ADBD8
:106AA0000A220023FAF776F8039B30321A55641E47
:106AB00050EA0102F2D1641C039AC4F11103144498
:106AC000119A012A03D0012208430DD10AE008439C
:106AD00004D000204FF0110B119072E7A3EB0B05CF
:106AE0006D1E0DE05B4504DD4FF0000205F1010570
:106AF00004E003DA4FF00002A5F10105002AECD012
:106B000002981199C0E90231C0E9004579E7000017
:106B1000000014400000F03F300000000000F0438F
:106B20000000E03F2DE9FC411C468C46DDE9085899
:106B30001746D0F8E4310A9E01AA69466046984794
:106B4000009911B10846BDE8FC810179B94201D82C
:106B50002448F8E707EB470136B1026812F8212014
:106B6000D20701D02048EEE75CB10422066802EBB0
:106B70008102D5F800C0B358634505D91B482B6086
:106B8000E1E74FF00060DEE7012303EB8101735C76
:106B900088F8003000680821092B865807EB470267
:106BA00001EB820106D0415832462046F9F71CFB22
:106BB0002E6014E040582A68014602B93246024469
:106BC00003E000BF04F8013B401C03780BB1904286
:106BD000F8D3411A2960B14201D20021017000208E
:106BE000B1E70000110009060100010605000405D7
:106BF0007047704730380A2801D2012070470020C2
:106C000070477047704770477047704770477047CC
:106C1000016A0978002902D1812201F04EBD704736
:106C20002DE9FF4F95B09B468946064600250FE2A9
:106C3000252877D100242746F84A0121059400E051
:106C4000044316F8013F203B01FA03F01042F7D14C
:106C500030782A2811D06FF02F033078A0F130025D
:106C6000092A16D8059A44F0020402EB820203EBCB
:106C700042021044761C0590EFE759F8042B059268
:106C8000002A03DA504244F40054059044F0020410
:106C9000761C30782E2816D116F8010F44F0040423
:106CA0002A280DD06FF02F023078A0F13003092B85
:106CB00009D807EB870302EB4303C718761CF3E7F9
:106CC00059F8047B761C30786C280FD006DC4C28F1
:106CD00017D068280DD06A2814D104E0742810D089
:106CE0007A280FD10DE044F400140AE044F4801433
:106CF00001E044F440147278824202D104F5801419
:106D0000761C761C307866280BD013DC582877D098
:106D100009DC002875D04528F6D04628F4D047284D
:106D20001AD19DE118E0632835D0642879D0652810
:106D300012D195E1702873D008DC6728F1D069285A
:106D40006FD06E280DD06F2806D1B5E073282CD0F7
:106D5000752875D0782874D05A46179990476D1CBD
:106D600075E1C4F30250022809D003280DD0D9F8E8
:106D7000001004280DD00D6009F1040967E1D9F86D
:106D80000010EA17C1E90052F6E7D9F800100D80AB
:106D9000F2E70D70F0E719F8041B8DF800100020E1
:106DA0008DF80100EA46012003E059F804AB4FF0EA
:106DB000FF3061074FF0000102D40DE008F101013E
:106DC0008846B9420FDA8045F8DB1AF80810002926
:106DD000F4D108E008F1010188468142FADB1AF893
:106DE00008100029F6D105985B46A0EB080721465C
:106DF0003846179A00F094FA284400EB080507E09B
:106E00004DE029E10DE01AF8010B5A461799904719
:106E1000B8F10108F7D25B4621463846179A13E1CC
:106E200042E00A220092C4F302524FF0000A022A02
:106E300008D059F804CB032A4FEAEC710AD00DE0D0
:106E400029E02AE009F1070121F00702F2E802C176
:106E5000914609E00FFA8CFC4FEAEC71042A03D149
:106E60004FFA8CFC4FEAEC71002907DA0A46002140
:106E7000DCF1000C61EB02012D2202E0220504D5B9
:106E80002B228DF80420012203E0E20701D020220A
:106E9000F7E7904659E00A2102E010220DE01021A8
:106EA0004FF0000A00910BE010224FF0000A44F06E
:106EB00004040827009203E008224FF0000A009221
:106EC000C4F30252022A05D059F804CB0021032A48
:106ED00008D009E009F1070121F00702F2E802C138
:106EE000914605E01FFA8CFC042A01D10CF0FF0C3E
:106EF0004FF00008220728D5702806D0009B83F0A9
:106F0000100353EA0A0305D00EE040228DF8042056
:106F1000012208E05CEA010206D030228DF804204C
:106F20008DF8050002229046009B83F0080353EA87
:106F30000A030AD15CEA010201D1620705D53022B9
:106F40008DF804204FF001087F1E582804D034A08B
:106F500003900EA802900DE036A0F9E75346604674
:106F6000009AF9F717FE84460398825C0298401E47
:106F7000029002705CEA0100F0D1029806A9081A9A
:106F800000F1200A600702D524F4803400E00127D4
:106F9000574502DDA7EB0A0000E0002000EB0A01E4
:106FA000009005984144401A0590E00306D45B46E2
:106FB0002146179A059800F0B3F90544002706E02A
:106FC00001A85A46C05D179990476D1C7F1C474524
:106FD000F6DBE0030CD55B462146179A059800F0D6
:106FE0009FF9054404E030205A46179990476D1CDC
:106FF0000099481E00900029F5DC08E002980299EB
:107000005A460078491C0291179990476D1CBAF1B5
:107010000001AAF1010AF1DC65E100000928010084
:1070200030313233343536373839616263646566FE
:1070300000000000303132333435363738394142C0
:10704000434445460000000000F058F90544761C12
:10705000307800287FF4ECAD19B02846BDE8F08FF9
:10706000620700D4062709F1070222F0070CFCE8AA
:107070000223E14603F000485FEA080C02D00FF259
:10708000702C0DE05FEA045C02D50FF2682C07E07B
:107090005FEAC47C02D00FF2602C01E0AFF2700C0A
:1070A0004FF0FF3823F00043CDF850C065280CD0D6
:1070B00006DC452809D046281DD047283DD13DE0B3
:1070C000662818D067287ED138E00021112F01DB17
:1070D000112000E0781CCDE9000106A90EA8FFF7F9
:1070E0005FFCDDE90F010E9A03910021009207F188
:1070F000010A04914DE04FF000400097CDE90110E6
:1071000006A90EA8FFF74CFCDDE90F0203920E9BC7
:1071100011990022DDF80CA00093049211B9791C9A
:1071200000EB010AB7EB0A0004D4C0F1FF3007F10D
:10713000010A0490AAEB0700019044E0012F00DA55
:1071400001270021112F01DD112000E03846CDE993
:10715000000106A90EA8FFF723FCDDE90F010E9A36
:107160000391002104910092BA4621070CD403999F
:10717000514500DA8A46BAF1010F05DD009AAAF1FD
:107180000101515C302908D0B84202DA10F1040F35
:1071900006DA0121CDE9011015E0AAF10101E9E7C4
:1071A000002805DC049901440491AAEB000102E0E7
:1071B000411C514500DD8A460499401A401C01904B
:1071C0004FF000400290200704D40198504501DBA5
:1071D000CDF8048000208DF84F0002980DF14F0784
:1071E000B0F1004F25D02B200E9002984FF00208EE
:1071F00000280CDA404202902D200E9007E00A2170
:107200000298F9F7B1FC3031029007F8011DB8F18E
:107210000001A8F10108F2DC02980028EFD1791EE4
:107220000E980870307800F0200040F0450007F814
:10723000020D12A8C01B00F107081498007800B1D5
:10724000012000EB0A01019801EBE071059841442F
:10725000401A401E0590E00306D45B462146179A6B
:10726000059800F05DF805441498007818B15A4666
:10727000179990476D1CE00324D55B462146179A69
:10728000059800F04DF805441CE00498002807DB41
:10729000DDE90301884203DD0098405C179901E0B5
:1072A000179930205A469047049805F10105401C73
:1072B00004900198401E019004D12E205A4617993F
:1072C00090476D1CBAF10001AAF1010ADDDC05E06E
:1072D00017F8010B5A46179990476D1CB8F1000139
:1072E000A8F10108F4DC5B462146179A0598ABE645
:1072F0002D0000002B000000200000002DE9F041CF
:10730000044600251E461746880404D405E0394685
:107310002020B0476D1C641EF9D52846BDE8F081D9
:107320002DE9F041044600251E469046C80301D5CC
:10733000302700E02027880404D505E04146384680
:10734000B0476D1C641EF9D52846BDE8F0812DE9D3
:10735000FE4F04464069002589460689A0690789D1
:1073600094F87E0000280ED0002E6AD0A846CDF8F2
:107370000080CDF80480CDF8088060E005286ED04C
:107380000B2858D0FF20BDE8FE8F606850F836000B
:1073900041690968002901DA0B2024E0006AB9F18B
:1073A000000F23D00178E9B3F02925D8A26805EBB6
:1073B000C50112F811305B1CDBB202F81130027803
:1073C000934219D1A268204602F81180CDF80080BE
:1073D000CDF804806A462946CDF8088000F0DDF833
:1073E0000028D9D10520BE42C8D92AE00078FF285C
:1073F00029D0FE2827D01CE00078FC2818D105EB06
:10740000C50A0622A16802EB4A000A18294620464E
:1074100000F0C3F80028A06810F81A1003D021F07B
:10742000010202E016E041F0010200F81A20B3E781
:1074300080B1BE4205D86D1C761CEDB2B6B2BE421C
:10744000A3D900209FE7A06805EBC50110F8110043
:10745000C007EDE72946204603F078FA9CE76A4624
:107460002946204603F0F6FA96E700002DE9FF4F83
:1074700083B09146DDE910758246D0F8E43101AA67
:1074800069460498984704460098002803D121795A
:10749000494503D82E4807B0BDE8F08F09EB4906EF
:1074A00025B1206810F82600022811D0012120689B
:1074B00001EB860110F80180042101EB860145589B
:1074C000386848B1A84207D0B8F1090F02D03BE0B4
:1074D0002048E0E7A84237D2DAF82420404606994F
:1074E000904700900028D6D10820216800EB860B39
:1074F0003A6851F80B000699F8F776FEB8F1090FD3
:1075000007D13868A84204D22368002253F80B1030
:107510000A543D60019850B150F82930494633B1C2
:107520000A4621465046984700900028B3D120686B
:1075300010F82600400705D5DAF8E83150464A46EB
:10754000049998470020A6E703483D60A3E70000A0
:107550001100090602000106100007060A68531C04
:107560000B60107070477047704710B530B10368FA
:1075700023B1D0E90121914201D204E0002010BDE5
:10758000491C816020B1914202D25C5C202CF7D969
:107590009142F4D1491E816010BD2DE9F04F43693D
:1075A000834691461889DBF80420C00000EBC10433
:1075B0005B89A058DB0003EBC1018F184069396873
:1075C00089B00088D1F808A00026C0F30A01A9F804
:1075D0000010354689F8026000200490059006EB03
:1075E00046021423396803EB82028A581368190C87
:1075F00013F0FF042ED02B190793402B2AD8A4F1A7
:10760000010C012303EBDC0CCDF818C01288CDE986
:1076100002030DF1200C0DF11808CDE9008CC2F326
:10762000072204AB5846FFF77DFA18B1FF2009B0D6
:10763000BDE8F08F09EBD502121D0092002005F085
:107640000701CDE90110002320461A4604A9F9F7E5
:10765000BDFE079D761C9AF80000F6B2B042BBD87A
:1076600001206D1E00EBD50089F803000020DEE745
:107670002DE9F04104460027104E1BE0A089256843
:10768000C0050BD4A06820B1FFF7F2FFA089C005A8
:1076900004D4206910B1716888472761A0898005EA
:1076A00004D4206A10B17168884727627168204647
:1076B00088472C46002CE1D1BDE8F0811000002065
:1076C000002200F048BE10B5016828208847040059
:1076D00002D02821F8F7A1FD204610BD0022114656
:1076E00000F06EB82DE9F04788B00F4604469A4680
:1076F00016461C216846F8F790FD2F480025002CFF
:107700000560456055D08146E7B3CDE90047029555
:10771000D9E90212D9F810000491CDE9052009F148
:107720000800FFF7D0FF5FEA00082BD000986F46F3
:1077300008B1029808B100270BE00198042808D985
:1077400003221EA10098F8F7B0FD10B90298C01CE2
:1077500002903846FFF709FF0146404601F086FADD
:1077600068B1BAF1000F13D06846FFF7FEFEDDE9FD
:107770000101814203D202990098405C40B1404629
:10778000FFF776FFDDE9011088420AD205460BE0DB
:107790001EB10299009808443060404608B0BDE828
:1077A000F087081E00D0451E0EB160193060C9E98F
:1077B00000450020F2E7000008000020EFBBBF00FA
:1077C00070B515460E46040009D0F8F743FD411C7C
:1077D0002B4632462046BDE87040FFF783BF0020AD
:1077E00070BD30B40A88D3090F2B35D2DFE803F01F
:1077F0002D083418181818181818181F1F342600C8
:10780000802A06D090F87B20002A25D030BC01F0D9
:10781000ABBA90F87C1000291ED030BC02F0D0BD6D
:1078200090F87E20002A17D030BC01F075BB90F88C
:107830007A20002A10D030BC01F084BC90F87D2062
:10784000002A09D030BC01F0EBBA026A1278002A93
:1078500002D030BC01F099BA30BC7047F0B587B0A7
:1078600000260F4D0596C87828610C46CA780DF1A0
:107870000B00091D0746F8F7B7FCAE6020882860AA
:10788000A07800B10220E86005AB3A4604490548FB
:10789000FAF7A4FB10B1002007B0F0BD0120FBE710
:1078A000FC1800206C0C002070B50A4D084600241E
:1078B0000A211646E9700722314603F055FE0128D9
:1078C00005D144F6206003F07DFE012800D003249A
:1078D000204670BDEC0000202DE9F0410F4C07461A
:1078E0001646A08888460025FF2801D9AFF30080FE
:1078F000A088032804D3A188A06802F035FF18B13E
:1079000005252846BDE8F081A06810F8011B3970F4
:10791000A188891E3180C8F80000F2E7EC00002041
:1079200070B5104C03460025607810B10525284637
:1079300070BD491E0126E1600846E6800B70E188B3
:107940001144E180E18802F00FFF0146E088A2685F
:107950000244401CE080117026700121002003F0D9
:10796000ABFBE4E7EC00002010B50021012003F0A0
:10797000A3FB034900204870BDE8104003F0E4BDBC
:10798000EC00002010B50021084603F095FBBDE88F
:10799000104003F0BBBB0000064810B5017800247E
:1079A000012902D00624204610BDC0690028FAD063
:1079B0008047F8E74000002010B5064C207818B149
:1079C000012805D0062010BD606980470120207085
:1079D000002010BD4000002070B5064D002428781E
:1079E000012802D00624204670BD28698047002067
:1079F0002870F8E74000002070B50C460988002583
:107A000005292FD1417840F2CF760A0281781143BF
:107A1000C278491C1302027989B21A43531EB34239
:107A200020D200232380012300F8013B2688761C06
:107A30002680560703D003EBD203DEB201E0C2F387
:107A4000C70600F8016B23885B1C2380002300F02D
:107A5000EFFA18B102F06EFE054604E020883044CB
:107A6000208000E00325284670BD70B50C460988CB
:107A7000002505292FD1417840F2CF760A0281787E
:107A80001143C278491C1302027989B21A43531E6A
:107A9000B34220D200232380022300F8013B238835
:107AA0005B1C2380530704D0012303EBD203DEB217
:107AB00001E0C2F3C70600F8016B23885B1C23803A
:107AC00000F004FB18B102F035FE054604E0208802
:107AD0003044208000E00325284670BD70B50C4678
:107AE00009880026052925D1417805790A0281787F
:107AF0001143491C6A1E89B27C2A1BD800222280AD
:107B0000032200F8012B22880023521C22806A00E5
:107B100000F8012B2288521C22802A4600F016FB16
:107B200018B102F007FE064605E0208800EB45008C
:107B3000208000E00326304670BD70B50C460988F1
:107B40000026052927D1417805790A028178114359
:107B5000C278491C45EA02256A1E89B27C2A1AD2DB
:107B600000222280042200F8012B2288521C22804D
:107B70006A0000F8012B2288521C22802A4600F05D
:107B800019FB18B102F0D6FD064605E0208800EB8F
:107B90004500208000E00326304670BD2DE9F0410D
:107BA0000446088800270D460A2842D360782679C3
:107BB0000102A078227A0843401C1FFA80F8E0787E
:107BC00046EA00266079731E0102A0790843401C32
:107BD00081B2E0797C2B42EA0022607A28D83AB35D
:107BE000792A25D8B0EB420F22D1012304F10A00F3
:107BF00000F0ACFA98B9002129801721217029885A
:107C0000601C491C2980710000F8011B2988002391
:107C1000491C29803246414600F098FA18B102F01A
:107C200089FD074605E0288800EB4600288000E033
:107C300003273846BDE8F08170B5064C0D4606496D
:107C40002288401CF8F7D0FA2088401C28800020A9
:107C500070BD0000FC000020B417002038B5098872
:107C6000002405290BD141780A0281781143491C6F
:107C7000027989B21AB9C278FF2A03D012B103245B
:107C8000204638BD00228DF80120C078FF280CD096
:107C90008DF8002001231A46684600F0C9F9002833
:107CA000EED002F047FD0446EAE701208DF800001F
:107CB000F0E710B509880024052902D003242046E6
:107CC00010BD417801230A028178C01C1143491C70
:107CD00089B21A4600F03AFA0028F0D002F02AFDE4
:107CE0000446ECE72DE9F0410D46098800240529FA
:107CF00026D9417843790A0281781143491C8EB212
:107D0000C178027942EA0122510704D0012101EB36
:107D1000D201C9B201E0C2F3C701571EB7F5F66F31
:107D20000ED299420CD101233146801D00F080F91A
:107D300018B102F0FFFC044603E00520288000E0B3
:107D400003242046BDE8F08170B50D460988002463
:107D500006291DD341780A0281781143C278491C53
:107D60001302027989B21A434379561E772E0FD82F
:107D70005606360E9E420BD10123801D00F0E6F917
:107D800018B102F0D7FC044603E00520288000E08B
:107D90000324204670BD00002DE9F0411D46069BDE
:107DA00017460646FF2909D041B1F72906D81E4CCF
:107DB0000846217100211EB1012E15D002252EE0AA
:107DC0001A4A22611A4A62611A4AE2601A4AC4E9EE
:107DD00006211A4921621A4961621A49A1622A469A
:107DE000394600F09BF812E0174A2261174A626197
:107DF000174AE260174AC4E9062117492162174968
:107E000061621749A1622A463946FFF74DFD050018
:107E100005D103F091FB28B166710120207028463E
:107E2000BDE8F0810325FAE740000020018000084A
:107E30001D800008A97F0008597F000839B6000896
:107E4000E1B60008A1B60008697900088579000844
:107E500021790008D97800085DB3000871B40008E2
:107E600041B4000838B52C4C207808B1062038BD44
:107E7000684603F053FB01284BD19DF80000E8B39E
:107E8000012802D0022844D110E0234AA369921DA0
:107E9000911CC81F984788BB60782179884201D01F
:107EA000FF2836D1022003F04FFB32E0A068012109
:107EB000194B0278A270E17000212C3313F8315075
:107EC00065B1954207D103EBC1014A681249891D8A
:107ED0009047E07002E0491C1029EFDB6078FF2832
:107EE00017D0E07880B10021E180A17841F08002D4
:107EF000A1680A70E288521C92B200E009E0E280B8
:107F00008854E088401CE080D4E90213E28820799C
:107F10009847002038BD00004000002070B515468D
:107F2000084600240822294603F01EFB01280DD133
:107F3000B5F5964F01D9232003E006496800B1FB4F
:107F4000F0F080B203F03EFB012800D0032420466D
:107F500070BD0000A07F17002DE9F041104C0746CE
:107F60001646A08888460025FF2801D9AFF3008077
:107F7000A088042804D3A1880A4802F0CFFF18B1D2
:107F800005252846BDE8F081064800783870A088AD
:107F9000C01E30800348401CC8F80000F1E7000014
:107FA00000010020D417002070B5134C03460025B3
:107FB0006078012802D00525284670BD491E01269B
:107FC000A160084666800B706188114461806188F9
:107FD00002F0A4FF6188094A5318491C6180187097
:107FE000010A60880244401C6080117026700121E3
:107FF000002003F061F8DFE700010020D417002023
:10800000054910B5002048700146012003F054F8DE
:10801000BDE8104003F08CB80001002010B500212D
:10802000084603F049F8BDE8104003F06FB80000BF
:10803000F0B5491E89B28C180A2C01D90120F0BD77
:10804000541EE51704EB5575012404EBE5061E4D9F
:10805000012B18D1F4B213E010F8016B00230AE0F1
:1080600026FA03F707F001076F54491C521E5B1CE8
:1080700089B292B2DBB20AB1082BF1D3641EE4B22A
:10808000002CE9D11EE016F0FF061BD000273B466E
:1080900011E000BF15F801E0BEF1000F05D004FAB1
:1080A00003FC4CEA070C0CF0FF07521E491C5B1C3A
:1080B00092B289B2DBB20AB1082BEBD300F8017B94
:1080C000761EE0E70020F0BD0C010020F0B5491E4F
:1080D0008CB2A1180A2901D90120F0BD511ECB177D
:1080E00001EB5371012505EBE101CEB216491BE00E
:1080F00000273B4611E000BF11F804E0BEF1000F7D
:1081000005D005FA03FC4CEA070C0CF0FF07521EE1
:10811000641C5B1C92B2A4B2DBB20AB1082BEBD395
:10812000761E00F8017BF6B2002EE1D100200A5C39
:108130003AB100220A54401C80B20A28F7D300202A
:10814000F0BD0122F6E700001601002030B54C1EFC
:10815000A4B2A5180A2D01D9012030BD134D012B61
:1081600009D01EE030F8023B5BBA25F81430641CDD
:10817000521EA4B292B2002AF4D10A2913D10C499A
:10818000012008700FE000BF35F81410090A00F84C
:10819000011B15F81410641C521E00F8011BA4B238
:1081A00092B2002AF0D1002030BD0000D418002087
:1081B0001E000020491E10B58BB29C1810490A2CD5
:1081C0000FD9012010BD00BF31F81340240A00F878
:1081D000014B11F813405B1C521E00F8014B9BB27F
:1081E00092B2002AF0D1002031F81020521C21F860
:1081F0001020401C80B20A28F6D3002010BD0000D9
:10820000E818002010B50446054B002241F2030196
:10821000FDF7D6FCD4F808120020087010BD00004D
:10822000BD59000870472DE9FE439946DDE90A76FD
:1082300015468846044602AB00F065F850BB012D98
:1082400004D19DF80810204602F05CFB022D21D1DC
:108250009DF8080000EB800004EB0010B0F97200FC
:10826000F9F726F99DF8081001EB810104EB0111E3
:10827000A1F872009DF80810852001EB810104EB44
:10828000011181F82A009DF8080000EB800004EB42
:108290000010C662CDE900764B464246294620468C
:1082A00002F028FC002800D0FF20BDE8FE8300007B
:1082B00013B54FF0FF33012269460248FCF7DEFA9E
:1082C00000981CBD0C1600204FF08040406A70479B
:1082D00000680078704710B5002303EB830400EBBF
:1082E000041494F82A402CB15B1C13F0FF03F4D063
:1082F000FF2010BD137003EB830200EB021080F827
:108300002910002010BD70B5002404EB840500EB9B
:10831000051595F82A606EB1852E0BD095F828606A
:108320008E4207D195F82950954203D103B11C70B4
:10833000002070BD641C14F0FF04E6D0FF2070BD67
:1083400001EB810100EB0111486B08B1896B401A08
:108350001060002070472DE9F0418846A8B3B8F1BD
:10836000000F33D084680AB90AE024686CB3216A2C
:1083700059B34046F7F775FF0028F6D120E024688E
:108380001CB3266A5FEA0805F9D0002EF7D0B54283
:1083900018D002E098B16D1C761C2878F7F71EFF04
:1083A00007463078F7F71AFF87422878F2D0F7F7B8
:1083B00015FF05463078F7F711FF8542DFD124B16C
:1083C000206A10B12046BDE8F081FFE70020FAE7FF
:1083D000F8B505461B4B002241F21701FDF7F0FBF3
:1083E000002685F8DC61344616E000BFD5F89C0015
:1083F00030F8240003041B0C0CD04FF47A70434374
:10840000114A214628460096FDF75EFCD5F8A010DB
:1084100021F81400641CE4B2D5F898000078A0425A
:10842000E4D8D5F8A4000388002B0AD04FF47A7062
:108430004343064A002128460093FDF745FCA5F872
:10844000A800F8BD97590008A1130008F95A0008C0
:1084500070B5054600240BE0D5F8A00030F91400F3
:10846000F9F726F8D5F8A01021F81400641CE4B23E
:10847000D5F898000078A042EED835F9A80FF9F7A2
:1084800017F8288070BD00002DE9F8431746DDE994
:108490000896002501EB8102984600EB0214022E9B
:1084A0002DD0032E2BD0042E29D0052E27D0B4F9A1
:1084B0007200F8F7FDFF00BFA4F8720084F828707E
:1084C000A4F8308084F8329084F82A6084F82B5025
:1084D0006563A56384F85C5084F85D5084F85E5051
:1084E000256684F8645084F8655084F8665084F8F2
:1084F000675084F8705000206567BDE8F883034B2F
:10850000034A0095FDF7E0FBD6E70000C0C62D004A
:10851000E55B00082DE9F0410B3020F00706104D17
:1085200019E02068B04215D3B0420AD9871B201D3C
:10853000D4F80480F7F758FEA019C0E90078286045
:1085400004E060682860201DF7F74EFE201D2660BD
:10855000BDE8F081251D2C68002CE2D10020F7E752
:10856000640C002010B50446FFF732FF2046BDE83A
:10857000104000F0B5B810B50446FFF769FF20467B
:10858000BDE8104000F0E8B830B501EB810100EB28
:1085900001118C6BA018202802D84D6BA84201D97C
:1085A000FF2030BD002006E025180D4495F83C5012
:1085B0001D54401CC0B29042F6D3886B10448863AF
:1085C000002030BDFBF726F8FDF7F2FBFCF7D0FEEC
:1085D000FCF786FEFDF710F8FDF72AF8FDF744F8E2
:1085E000FCF74EFFFCF730FEFCF76AFFFCF79CFF40
:1085F000FCF7CEFFFCF752FE4FF4C870FAF7E2F931
:1086000015A0FEF733F919A0FEF730F9FDF7E4F8ED
:10861000FDF7C3F8F8F7A2FDFCF766FC1748006801
:10862000C16841F01001C1604FF4807422461449C2
:108630001248FCF797F813480068C16841F0100130
:10864000C160224610490F48FCF78CF8FCF766FE23
:1086500000F0B0F8FEE70000556172743120696ED9
:108660006974206973206F6B0A00000043414E6FEC
:1086700070656E20546573740A0000000C160020AB
:108680000C1400209C1600200C1500200146002030
:10869000842900D0C81C70470EB541F4E061ADF8E4
:1086A000001001218DF8021000218DF80310D0F880
:1086B000E0016946FFF7D2F80EBD0EB50023ADF814
:1086C00000308DF802308DF8042002238DF805105B
:1086D0008DF80330D0F8E0016946FFF7BFF80EBD12
:1086E00038B504461A4B002241F20C01FDF768FA36
:1086F000174B002241F20D012046FDF761FAD4F834
:1087000038010388002B22D0D4F83C0100780028DF
:108710001DD04FF47A7043430E4A00212046009347
:10872000FDF7D2FAA4F830010020211891F8B0200A
:108730000F2A08D022681278824204D0D4F83C2153
:10874000127881F84021401CC0B28028EDD338BD9A
:10875000A9590008091A000810B50446B0F93001FB
:10876000F8F7A6FEA4F8300110BD10B586B020229F
:1087700004AC04920094012205ABCDE9013201EB77
:10878000810100EB0114039204F13C0394F83220C0
:10879000218EFEF7C7F9002803D1049860630020FA
:1087A000A06306B010BD10B500B9012002F044FD71
:1087B000002010BD10B502F065FD002010BD7FB592
:1087C0000D4604464169B0F9080081B1A16971B153
:1087D000FFF75CFFD4E905128DE80700D4E900102B
:1087E0002B46226903F02BF8039004B070BDFFF70D
:1087F0004DFF03A9CDE90001208A2B4682B2D4E9BE
:10880000001002F0EFFF012801D00020EDE70398EF
:10881000EBE72DE9F04107460025C8680C462E46D7
:10882000B0F57A7F5BD2401CE0602168A068095CEB
:108830005B2954D1401CA0602046FEF796FE4CB147
:10884000D4E90110884203D22268125C5D2A33D039
:10885000884203D3A068401EA06040E0401E04F19F
:108860001008A0604046FEF72EFF98B30DB33060AD
:1088700046600646A068401CA0602046FEF775FED4
:108880002146304600F0F2F930B32046FEF76DFE87
:1088900014B3D4E90110884203D22168095C2C2961
:1088A000E0D06268904217D22168085C5D2813D13D
:1088B00002E005462E46DDE7E068401EE06005B1B7
:1088C0006E602020C7E90250A068401CA060012013
:1088D000BDE8F081FFE715B12846FEF7C9FE00208C
:1088E000F6E7034610B500200246995CA1F130047A
:1088F000092C01D830380AE0A1F14104052C01D837
:10890000373804E0A1F16104052C08D85738084431
:10891000032A00D20001521C042AE6D310BD002015
:1089200010BD00002DE9F84F4FF0000980460C0003
:108930004FF02E0A48464D464F46CDF800903ED0A7
:108940002668CEB3D4E9012122E07318C35C342B2E
:108950001BD00ADCA3F12B03092B1CD2DFE803F0A8
:10896000151B152D1B1515151500382B0DD006DC04
:10897000352B0AD0362B08D0372B0CD105E0392BFC
:1089800003D0452B01D0652B05D16D1C401C14B1C3
:108990000B189342D9D32169681C884706000ED072
:1089A000A16820682A4601443046F7F71DFC06F806
:1089B00005907FB100200BE001E00127E5E70020F2
:1089C000BDE8F88F315C2E2901D106F800A0401CCB
:1089D000A842F7D36946304602F01CFA05460098D3
:1089E0000F46864203D1616930468847E7E7C8E908
:1089F0000657144A144B28463946F8F781F802D82E
:108A00006FF0004108E00022104B28463946F8F785
:108A10005FF804D84FF00041C8F8141005E028466C
:108A20003946F8F736F8C8F814000821C8F80C10D1
:108A30000099A068891B0844A06061693046884796
:108A40000120BDE70000C0FFFFFFDF410000E0C1E3
:108A50002DE9F04107460026C8680C463546B0F5BA
:108A60007A7F7BD2401CE060002C77D0D4E90110E3
:108A7000884273D22168095C7B296FD1401CA060B9
:108A80002046FEF772FDD4E90110884203D2226825
:108A9000125C7D2A4FD08842A0F10100A0605DD217
:108AA00004F110084046FEF70EFEE8B30EB328604E
:108AB00045600546CCB3D4E90110401C88424AD237
:108AC000A0602046FEF751FD2146284600F048F8F8
:108AD00058B32046FEF749FD286928620020286126
:108AE000D4E90110884236D22168095C3A2932D192
:108AF00002E006463546DDE7401CA0602046FEF752
:108B000034FD2146284600F0B1F870B12046FEF74A
:108B10002CFDD4E90110884203D22168095C2C297C
:108B2000C0D06268904201E014E014E013D22168E2
:108B3000085C7D280FD1E068401EE06006B17560DA
:108B40004020C7E90260A068401CA0600120BDE889
:108B5000F08103E016B13046FEF78AFD0020F6E70B
:108B60002DE9F84380468B6808684FF00009C41867
:108B7000CDF8009008680E46651CC15C641C222973
:108B80006ED10022716808E0BCF15C0F04D17F1C3B
:108B90008F4265D2521C641C641C271A8F4204D277
:108BA00094F800C0BCF1220FEED1271A8F4257D2A1
:108BB0002178222954D11844201A801A3169401C86
:108BC000884707004CD0009737E029785C2905D00A
:108BD00000986D1C00F8011B00902EE00220611B24
:108BE000012939DB6A78662A14D008DC222A12D0DF
:108BF0002F2A10D05C2A0ED0622A2DD108E06E2ACE
:108C00000ED0722A0ED0742A0ED0752A24D10DE00F
:108C1000082200E00C22009901F8012B00910BE0E2
:108C20000A22F8E70D22F6E70922F4E76A46214610
:108C3000284602F089F978B10544A542C5D30099C8
:108C400081F800901021C8E903173068201A401CF1
:108C5000B0600120BDE8F88317B1716938468847D4
:108C600015B13068281AB0600020F3E770B50C0029
:108C700005465ED0206800285BD0A16863680A1DA5
:108C80009A4205D80844042231A1F7F70EFB78B3C5
:108C9000A0686268411D0126914206D8216805221C
:108CA00008442DA1F7F701FB28B3A0686268011DF5
:108CB000914206D821680422084429A1F7F7F5FA61
:108CC000E8B1D4E90101814203D22268525C222A30
:108CD0001DD0814221D22268525C2D2A02D0303A26
:108CE000092A1AD821462846BDE87040FFF71ABE67
:108CF0000420E86006E0EE60A068401D04E0022069
:108D00006E61E860A068001DA060012070BD214672
:108D10002846BDE87040FFF723BF814203D2226896
:108D2000525C5B2A07D0814203D22068405C7B28DA
:108D300007D0002070BD21462846BDE87040FFF7EF
:108D400068BD21462846BDE87040FFF781BE00009F
:108D50006E756C6C0000000066616C73650000004D
:108D6000747275650000000030B4CA78082A0AD110
:108D70000A78D0F8384202F07F058A888B79294634
:108D8000A44630BC604730BC704770B5044690F8CC
:108D900078007F2803D0052801D004283FD14A79E4
:108DA0001AB123681B789A4239D10979802925D0D4
:108DB00009DC01291CD0022931D17F2801D00528E6
:108DC0002DD1042126E081291ED0822927D12046D9
:108DD000FFF77EFAD4F89410054609B1204688477B
:108DE0002168FF2008702946204601F0BBFE10E0F4
:108DF0007F2801D0042812D105210BE0052801D0DD
:108E000004280CD17F2105E0D4F8901009B1204648
:108E1000884700212046BDE8704001F049BF70BD81
:108E20002DE9FE43044608784FF0000800F07F0665
:108E30008878012818D00879A51900F07F07D4F8A0
:108E40003C01007885F8400195F8B000B84207D0A1
:108E5000D4F8D8313A4631462046984785F8B07064
:108E600095F8B00028B329E020680078B0421ED100
:108E700000F5E060ADF8000001218DF803108DF8D9
:108E8000028094F878208DF8042094F8DC31404674
:108E900033B142F080018DF8041084F8DC0101E068
:108EA00084F8DC116946D4F8E001FEF7D7FCBDE890
:108EB000FE83D4F8D42131462046904795F8B0007F
:108EC0000F28F4D000251FE0D4F89C0050F82500AE
:108ED000C0F307418E4215D187B2D4F8A00030F913
:108EE0001500F8F7E5FA4FF47A7007FB00F3094A2A
:108EF00029462046CDF80080FCF7E6FED4F8A01005
:108F000021F815006D1CEDB2D4F898000078A84245
:108F1000DAD8CCE7A11300082DE9F04F89460446C2
:108F20000222002199F8020089B00D4610B10128F3
:108F30007ED09EE06769A369B8889E8820B998E0D2
:108F4000022A04D0042A0FD0B042F9D991E0B9F82E
:108F50000030626852F830C0DCF814C0BCF800C0C1
:108F60009C450CD1B04210D8FF886268F80000EB35
:108F7000C50B002652F80B00D0F8088049E06D1CA4
:108F8000401C80B2EDB2B042E4D972E00020039000
:108F9000049063684FF0140C53F80B2006EB460363
:108FA0000CEB8303D2585FEA020A66D09AF80020DD
:108FB00012F0FF0207922AD00A44069299F8033071
:108FC000B2EBC30F23D803AACDE9002001F00702BA
:108FD00009EBD10103460290091D0798F8F7F6F94D
:108FE00007990120491E00EBE101059105AA002126
:108FF0000092CDE90110DAF8000003ABC0F30722BC
:10900000010C2046FEF732FAB8BB0698C1B2761CB6
:10901000F6B298F80000B042B8D8E06800B36168D2
:1090200051F83710496C0E88D6B130F9150000E0C0
:1090300010E0F8F73DFA002000904FF47A7006FB3C
:1090400000F3294620462269FCF73EFEE16821F83C
:1090500015000EE06069A26901210089128930B90A
:1090600007E001290AD004291BD005293CD09042F1
:10907000F7D9002009B0BDE8F08F3BE0B9F80060F7
:10908000D4F8043053F8301049690988B14201D14D
:10909000042116E06D1C401C80B2EDB29042F1D963
:1090A000E7E7616851F83010096A0B78FD2B07D0AB
:1090B000D9B2FC2908D0FF291ED0FE291CD019E006
:1090C00005219042CFD9D4E7A36805EBC50113F879
:1090D0001160F60706D0062000EB41001918D4F8FD
:1090E000E0012CE09042C4D86A4629462046FEF7AB
:1090F00054FA08B3FF20BDE7A16805EBC5060220BE
:1091000000EB4607C85FF8F7D3F9A168C853A16818
:10911000042000EB4607C85FF8F7CAF9A168C853F6
:10912000A06810F8161021F0010100F81610294669
:109130002046FCF757FC9CE76946D4F8E001FEF7AF
:109140008DFB96E72DE9F04F8DB0044600200C9082
:109150006669A3690D4630881A880021D8B14FF09E
:10916000040C904217D867680CEBC00817F8088009
:10917000B8F1010F75D957F83070B5F800807F69E4
:109180003F68474502D10126039121E0491C401C5C
:10919000C9B280B2E5E770885A880021002860D003
:1091A000042690425DD8636806EBC007DF5D032F9D
:1091B00057D953F830302F881B6A1B68BB4212D135
:1091C00003916168022651F83000C06A00780C9063
:1091D000E87800274FF00069082809D0CDE9007928
:1091E000002332468FE0491C401CC9B280B2D8E748
:1091F00002AB324620460399FFF785F8C8B9012E25
:1092000002D0022E0BD014E09DF8081001EB810172
:1092100004EB011191F82A1004291DD009E09DF8F2
:10922000081001EB810104EB011191F82A100529C6
:1092300012D029794909DFF84084DFF840A405F10C
:1092400008020DF1180B0B92072960D2DFE801F03C
:109250000AFCFBFA85F9F800297980297DD00621DE
:10926000E9E754E0012E02D0002877D049E0E8BBBE
:109270009DF8080000EB800004EB001090F82A1025
:1092800002293ED1B0F97200411C19D0F8F710F94B
:109290009DF80810FA4B01EB810104EB0111F94A2A
:1092A000A1F8720000979DF808102046FCF70CFD0D
:1092B0009DF8081001EB810104EB0111A1F8720087
:1092C0009DF8080000EB800004EB0010018E059172
:1092D00090F8328090F82B102879C0F30012914258
:1092E0007ED1C0F34200C0F1070200E009E06B1D2F
:1092F00009929DF808102046FCF7CAFC002870D19E
:109300000BE00023E3E320460399FEF78CFF0DB04A
:10931000FF20BDE8F08F059BF0E39DF808002021B9
:1093200000EB800004EB001090F82B0041EA0010E5
:109330008DF81800012059460F54401C0828FBD313
:1093400006AB31462046039A01F098FB9DF80800D1
:1093500000EB800004EB001001E091E317E090F8CF
:109360002B1079B15FF0000180F82B102879C0072D
:109370006BD09DF808102046FCF772FC20B1CDE9B7
:109380000080C8E70121EFE79DF80810FEE39DF893
:10939000080000EB800004EB001090F82A1003296D
:1093A000AFD1B0F97200411C19D0F8F781F89DF8DF
:1093B0000810B34B01EB810104EB0111B14AA1F894
:1093C000720000979DF808102046FCF77DFC9DF880
:1093D000081001EB810104EB0111A1F8720001E01A
:1093E0008FE08FE09DF8080000EB800004EB001098
:1093F000018E059190F8328090F82B102879C0F3F7
:10940000001291427DD1C0F34200C0F107026B1DF2
:1094100009929DF808102046FCF73AFC002871D10B
:109420009DF8080000EB800004EB001191F82B0080
:10943000F8B1002081F82B002979C9071BD005E07D
:10944000F1E35CE324E229E121E020E39DF8080058
:1094500000EB800004EB0010B0F97200F8F728F878
:109460009DF8081001EB810104EB0111A1F87200D5
:10947000E2E10120DEE7602141EA00108DF81800EA
:10948000012059460F54401C0828FBD3FFE1012E50
:1094900062D0002884D19DF8080000EB800004EB26
:1094A000001090F82A100229F4D1B0F97200411C82
:1094B00019D0F7F7FDFF9DF80810714B01EB810102
:1094C00004EB01116F4AA1F8720000979DF8081093
:1094D0002046FCF7F9FB9DF8081001EB810104EB35
:1094E0000111A1F872009DF8083003EB830004EB32
:1094F0000010018E059190F8328090F82B002979A8
:1095000001E082E098E0C1F3001188427DD109AA10
:1095100019462046FEF714FF099800288FD0072827
:109520009DF8080000EB800004EB001191F82B007F
:109530006CD9E8B35FF0000081F82B0000018DF8D2
:1095400018009DF808100BF1010307222046FFF7D1
:109550001BF8002870D19AE1B5F80510059195F82F
:1095600007A040B102AA31462046FEF7B4FE28B15A
:10957000CDE900A8CFE6CDE900A8CCE60220CDE9F0
:1095800000A09DF808102046059B039AFEF77CFF7B
:1095900028794108C90724D09DF80810C0F381003C
:1095A000C0F1040001EB8101099004EB011100E01E
:1095B00047E048639DF8081020460B9B099AFCF78A
:1095C00067FB08BB9DF808102046FCF749FB10B16B
:1095D000CDE900A09FE69DF80810204601F092F921
:1095E00018E0C00716D0287A697AEA7A00EB0120E1
:1095F000A97A090401EB0261421809929DF808104A
:10960000204601F049FB28B101E0D1E11BE0CDE9A2
:1096100000A980E660208DF8180005988DF81900E3
:10962000000A8DF81A008DF81BA0042059460F542B
:10963000401C0828FBD32AE19AE020460C99904769
:1096400025E2012078E7B0B15FF0000081F82B003F
:10965000099A0001C2F1070340EA4300401C8DF85B
:1096600018009DF808100BF101032046FEF78CFF4F
:1096700000287DD10AE007E0210000080000030572
:10968000C0C62D00E55B00080120DFE759460998B8
:1096900000E00F54401C0828FBD3F8E0012E45D011
:1096A00000287FF4E3AD9DF8080000EB800004EB98
:1096B000001090F82A100329F3D1B0F97200411C70
:1096C00019D0F7F7F5FE9DF8081001EB810104EBC6
:1096D0000111A1F87200FE4BFE4A00979DF8081098
:1096E0002046FCF7F1FA9DF8081001EB810104EB2C
:1096F0000111A1F872009DF8080000EB800004EB56
:109700000010B0F830A090F8328028794108C907DD
:1097100072D0C0F38100C0F1040209929DF80810D4
:1097200020460B9BFCF7B4FAF0BB6BE0B5F80510D4
:10973000ED798A4650B102AA31462046FEF7CBFDAC
:1097400030B15346CDE900583246DCE50B46F9E727
:109750000320CDE9005053469DF808102046039A97
:10976000FEF792FE9DF808102046FEF7FEFF00E08F
:109770005BE120B1CDE9005053463246C3E509AA6A
:109780009DF808102046FEF7DBFD099A042A16D939
:1097900041208DF818008DF819A04FEA1A208DF895
:1097A0001A008DF81B5000E063E08DF81C20100AB1
:1097B0008DF81D00100C8DF81E00100E1DE2C2F178
:1097C0000400432141EA80008DF818008DF819A0AB
:1097D0004FEA1A208DF81A008DF81B500BF1040384
:1097E0009DF808102046FEF7CFFE08B153463BE136
:1097F00009985946001D02E028E00F54401C082833
:10980000FBD31CE19DF8080000EB800004EB001086
:10981000B0F97200F7F74CFE9DF8081001EB8101DA
:1098200004EB0111A1F872009DF80810099801EBF2
:10983000810104EB011148639DF80810012001EB40
:10984000810104EB011181F82A004CE1C00715D019
:10985000287A697AEA7A00EB0120A97A090401EBF7
:109860000261421809929DF80810204601F014FA8E
:1098700020B153463246CDE9008944E560208DF899
:109880001800012059460F54401C0828FBD328E239
:10989000012E52D000287FF4E9AC9DF8080000EBBF
:1098A000800004EB001090F82A100229F3D1B0F9DF
:1098B0007200411C19D0F7F7FBFD9DF80810844B8E
:1098C00001EB810104EB0111824AA1F872000097BB
:1098D0009DF808102046FCF7F7F99DF8081001EBF9
:1098E000810104EB0111A1F872009DF8081001EB51
:1098F000810004EB00122046B2F8308092F832501A
:1099000009AAFEF71DFD099A002A3FF498AD9DF8BB
:109910000810072A01EB810004EB001090F82B00DF
:109920004FEA001071D98DF818000BF101030722DE
:109930002046FEF729FEE0BBD3E10028ABD19DF81D
:10994000080000EB800004EB001090F82A100329B7
:10995000A1D1B0F97200411C19D0F7F7A9FD9DF80B
:1099600008105B4B01EB810104EB0111594AA1F88E
:10997000720000979DF808102046FCF7A5F99DF8A5
:10998000081001EB810104EB0111A1F872009DF8B0
:10999000081001EB810004EB0010028E059290F894
:1099A00032802A7990F82B00C2F30012904204D042
:1099B00000E058E0CDE9008AADE409AA2046FEF7B0
:1099C000BFFC9DF80810099A01EB810004EB001020
:1099D000072A90F82B004FEA001019D98DF81800CB
:1099E0000BF1010307222046FEF7CEFDE8B99DF8F2
:1099F000080000EB800004EB001090F82B1029B158
:109A00005FF0000180F82B106BE11FE00121F9E706
:109A1000C2F1070340EA4300401C8DF818000BF127
:109A200001032046FEF7B0FD10B1CDE9008972E4D4
:109A30005946099800E00F54401C0828FBD306AB98
:109A400031462046039A01F019F89DE4C2F107035C
:109A500040EA4300401C8DF818000BF1010320463A
:109A6000FEF792FD20B14346CDE9005932464AE463
:109A70005946099800E00F54401C0828FBD330E1F8
:109A8000E97AAD68012E61F31F6501D018B149E292
:109A90000028DAD046E29DF8080000EB800004EBD5
:109AA0000010B0F97200F7F703FD9DF8081001EB04
:109AB000810104EB0111A1F872009DF808108020CB
:109AC00001EB810104EB011181F82A0004E042E07E
:109AD000C0C62D00E55B00089DF8080000EB800083
:109AE00004EB0010C5629DF8080000EB800004EB59
:109AF0000010426F002A7FF4A0AD13E290E32979B1
:109B0000012E01F0030A0BD0BAF1000F78D0BAF1A0
:109B1000020F75D0BAF1010F3FF491ACFFF7F1BB22
:109B2000BAF1000F09D0BAF1010F6CD0BAF1020FEF
:109B30007AD0BAF1030F77D0F4E1B5F80510EF79D8
:109B4000894638B102AA31462046FEF7C4FB30B13F
:109B50004B4600E00B46CDE900783246F5E505209E
:109B6000CDE900704B469DF808102046039AFEF799
:109B70008BFC9DF80810287901EB810104EB0111A1
:109B8000C0F3800081F85C00287A00E047E09DF88F
:109B9000081001EB810104EB011181F85D009DF8D3
:109BA00008102046FEF7E1FD20B1CDE900704B46DC
:109BB0003246CAE509AA9DF808102046FEF7C0FB08
:109BC0009DF80810099801EB810104EB011108666A
:109BD000C2208DF818008DF819904FEA19208DF8E1
:109BE0001A0009988DF81C00010A8DF81D10010C4F
:109BF0008DF81B708DF81E10000E8DF81F0043E3CA
:109C0000CFE000E010E0002888D19DF8081001EBBB
:109C1000810004EB001090F82A000528F4D12046BA
:109C200000F070FE94E3A7E10028EDD19DF8080054
:109C300000EB800004EB001090F82A100529E3D116
:109C4000B0F97200411C19D0F7F732FC9DF80810EA
:109C500001EB810104EB0111A1F87200FD4BFE4AFA
:109C600000979DF808102046FCF72EF89DF8081084
:109C700001EB810104EB0111A1F872009DF80800CD
:109C8000BAF1020F00EB800004EB0010018E059189
:109C900090F8321008913BD1A97980F85D1068796D
:109CA00009AA00F07F039DF808102046FEF748FB44
:109CB0000998B8B99DF8080000EB800004EB00108B
:109CC00090F8651099420DD190F86610C12040EAD5
:109CD00081008DF81800012059460F54401C0828B7
:109CE000FBD3D1E29DF80800C3EBC30200EB800078
:109CF00004EB001090F86410114481639DF8080093
:109D000000EB800004EB0010406B81423FF606AF91
:109D10009DF80800012500EB800004EB001191F88C
:109D2000380081F864001DE081F8655009AA9DF8AB
:109D300008102046FEF704FB099807281DD98DF866
:109D400018500BF1010307229DF808102046FEF77A
:109D50001BFCE0BB06AB31462046039A00F08EFEAA
:109D60006D1CEDB29DF8080000EB800004EB0011C3
:109D700091F85D00A842D7D2EAE245F080008DF864
:109D800018005D466B1C9DF808102046099AFEF7E6
:109D9000FBFBE0B9099800E02F54401C0828FBD3D6
:109DA000D8E000287FF4BAAE9DF8080000EB8000F0
:109DB00004EB001090F82A100429F3D1B0F97200D6
:109DC000411C1BD0F7F774FB9DF8081000E0B7E0CA
:109DD00001EB810104EB01119E4BA1F872009E4A38
:109DE00000979DF808102046FBF76EFF9DF80810BD
:109DF00001EB810104EB0111A1F87200BAF1000F2F
:109E000014D09DF80810A87901EB810104EB011131
:109E100009AA81F85D0068799DF8081000F07F03B9
:109E20002046FEF78DFA0998D0B131E09DF8080080
:109E300000EB800004EB0010018E059190F83210C9
:109E400008912979C1F3800180F85C109DF8080021
:109E5000297A00EB800004EB001080F85D102DE003
:109E60009DF8080000EB800004EB001090F86510EE
:109E700099420DD190F86610C12040EA81008DF81A
:109E80001800012059460F54401C0828FBD3FBE161
:109E90009DF80800C3EBC30200EB800004EB001048
:109EA00090F86410114481639DF8080000EB800075
:109EB00004EB0010406B81423FF630AE9DF8080085
:109EC000012500EB800004EB001191F8380081F8C7
:109ED00064001DE081F8655009AA9DF8081020462D
:109EE000FEF72EFA099807281DD98DF818500BF1A6
:109EF000010307229DF808102046FEF745FBF8B93C
:109F000006AB31462046039A00F0B8FD6D1CEDB259
:109F10009DF8080000EB800004EB001191F85D0053
:109F2000A842D7D214E245F080008DF818005D46B3
:109F30006B1C9DF808102046099AFEF725FB18B106
:109F40000899CDE9001937E5099800E02F54401C25
:109F50000828FBD306AB31462046039A00F08EFD5D
:109F60009DF80810099801EB810104EB0111C0F183
:109F7000070081F86600EBE14FF0100A012E34D0A3
:109F800000287FF4CBAD9DF8080000EB800004EBC7
:109F90000010B0F97200411C19D0F7F789FA9DF84A
:109FA00008102C4B01EB810104EB01112A4AA1F8A6
:109FB000720000979DF808102046FBF785FE9DF87B
:109FC000081001EB810104EB0111A1F872009DF86A
:109FD000081001EB810004EB001393F86700E8B36D
:109FE000012870D002286FD0B2E1C0B3287910F0F8
:109FF000010FC6D1B5F805B095F8079002AA314611
:10A000002046FEF768F920B1CDE900985B4632465C
:10A0100033E40420CDE900905B469DF8081020460B
:10A02000039AFEF731FA9DF80810012001EB810137
:10A0300004EB011181F867009DF80810287901EB05
:10A04000810104EB0111C0F3800081F85C002879E4
:10A05000800705E0C0C62D00E55B0008E6E025E0CE
:10A0600010D5287A697AEA7A00EB0120A97A0904E6
:10A0700001EB026108449DF8081001EB810104EB3B
:10A0800001110866A0208DF818008DF81CA08DF82D
:10A0900019B04FEA1B208DF81F708DF81A008DF84B
:10A0A0001E708DF81B908DF81D70EDE09DF8080076
:10A0B00000EB800004EB001090F86710012904D039
:10A0C00002294CD044E1E6E046E1B0F97200411CBF
:10A0D00019D0F7F7EDF99DF80810B74B01EB8101A6
:10A0E00004EB0111B54AA1F8720000979DF8081021
:10A0F0002046FBF7E9FD9DF8081001EB810104EB18
:10A100000111A1F87200287900F07F0800069DF87F
:10A11000080000EB800004EB001090F8651001F1DE
:10A12000010105D541457CD1022180F86710C0E0CE
:10A13000414547D180F865806B1D07229DF80810C6
:10A140002046FBF7A5FDE8B39DF8081001EB81015F
:10A1500004EB011191F83220CDE900295FE0297963
:10A16000C9073FF4DBACB0F97200411C19D0F7F716
:10A170009FF99DF80810904B01EB810104EB011150
:10A180008E4AA1F8720000979DF808102046FBF750
:10A190009BFD9DF8081001EB810104EB0111A1F872
:10A1A00072009DF80810287901EB810204EB02137C
:10A1B000C0F38200C0F1070220466933FBF768FD57
:10A1C00080BB00E0C1E09DF8080000EB800004EBDC
:10A1D0000010016E11B1826B91427DD1A1208DF8EA
:10A1E0001800012059460F54401C0828FBD306AB29
:10A1F00031462046039A00F041FC9DF808102046A5
:10A20000FBF72EFD00283FF420AC9DF8081001EB71
:10A21000810104EB011191F83220CDE900200B8E71
:10A2200002E058E086E0038E324620E42879C00739
:10A2300030D1012083F867009DF80810287901EBE0
:10A24000810104EB0111C0F3800081F85C002879E2
:10A25000800710D5287A697AEA7A00EB0120A97A7A
:10A26000090401EB026108449DF8081001EB81012B
:10A2700004EB01110866A3208DF81800012059464F
:10A280000F54401C0828FBD306AB31462046039AE6
:10A2900000F0F4FB5CE0287900F07F08000693F8FA
:10A2A000650000F1010039D5404514D1022083F842
:10A2B00067009DF8081001EB810104EB011181F8A2
:10A2C00065809DF80800696800EB800004EB0010D1
:10A2D0008166A968C16600E057E0A2208DF81800E9
:10A2E0009DF8080006AB00EB800004EB001031463F
:10A2F00090F865008DF819008DF81AA007978DF871
:10A300001B702046039A00F0B9FB9DF8080000EB93
:10A31000800004EB001080F8657019E0404514D10E
:10A3200083F865806B1D07229DF808102046FBF717
:10A33000AFFC50B19DF8080000EB800004EB00106A
:10A3400090F83220CDE900296DE7B8F1100FC2D0A6
:10A350000DB00020BDE8F08F2879C2073EF4D1AFE0
:10A36000C0F38200C0F1070220466933FBF790FC7E
:10A370000028DFD19DF8080000EB800004EB0010FE
:10A38000016E39B1826B914204D090F83220CDE950
:10A39000002848E7A1208DF81800012059460F54E5
:10A3A000401C0828FBD306AB31462046039A00F038
:10A3B00065FBFFF744B80000C0C62D00E55B000850
:10A3C00070B5D0F8CC110446884794F87E00002878
:10A3D00009D001212046FCF7BAFF0546D4F8D01178
:10A3E00020468847284670BD2DE9F041184C0F469D
:10A3F0000546E6682068001D00F00FFE38B92068A9
:10A4000090F82C1001208840216981432161681C4B
:10A4100007D137B12168BDE8F0410E48091D00F0B1
:10A420003FBE20683544B5424560216805D2A06B27
:10A43000BDE8F041091D00F01BBE606B091D00F076
:10A4400017FEA06A854200D2A562BDE8F081000037
:10A45000E80B00203C1C00202DE9F041054600F0EF
:10A4600073FE2E4CA068401CA06020682C4F10B1D9
:10A47000606940B32DE02560A068012829D100263D
:10A4800006EB860007EB800000F0E4FD761C072E4B
:10A49000F6D323488C3000F0DDFD2148A03000F0D9
:10A4A000D9FD1F48B43000F0D5FD1D48C83000F07C
:10A4B000D1FD1B48DC3000F0CDFD19488C306063C5
:10A4C0001430A06305E02068E96AC06A884200D8B9
:10A4D0002560606A401C6062E96A01202269884048
:10A4E0001043206101EB810007EB8000291D00F083
:10A4F000D7FD00F049FE606900280CD02068E96AA9
:10A50000C06A884207D207494FF080500860BFF305
:10A510004F8FBFF36F8FBDE8F0810000E80B002084
:10A52000601B002004ED00E010B5044690F85100D7
:10A5300058B101280CD002280FD0502080F3118888
:10A54000BFF34F8FBFF36F8FFEE7206B00F030FE3D
:10A550002046BDE8104000F02BBE10BD10484FF45F
:10A560004061420706D0C01D0D4920F00700411A86
:10A57000C1F540610B4A00230144C2E900030839D8
:10A58000183A21F0070111604B600B600B1AC0E90B
:10A59000001393604FF0004053605061704700001B
:10A5A000501C00203C0C0020144E154CA6F1C8078E
:10A5B0004FF08058DFF84C9012E000BF00F0C4FD6F
:10A5C000F068C568281D00F028FDA068401EA06046
:10A5D0006068401E606000F0D7FD2846FFF7A4FFCA
:10A5E00060680028EAD138680128F9D9C9F80080E4
:10A5F000BFF34F8FBFF36F8FF2E70000281C0020DE
:10A60000E80B002004ED00E02DE9F0479A46DDE973
:10A61000098481466FF00303206B03EB8202104430
:10A62000089E20F00707780707D0502080F3118894
:10A63000BFF34F8FBFF36F8FFEE7002561B100209E
:10A6400023180A5C83F834200A5C12B1401C1028DD
:10A65000F6D384F8435001E084F83450072E00D339
:10A660000626E662C4E91165201D00F0FEFC04F137
:10A67000180000F0FAFC2461C6F107006462A061D2
:10A68000E56484F8505052464946384600F0E6F8F2
:10A690002060B8F1000F01D0C8F80040BDE8F08795
:10A6A00030B5114900E011460A688242FBD34B687D
:10A6B0005C18844203D140681844486008464368E7
:10A6C0001C18944209D1084C183C2468A24209D0B5
:10A6D00052681A4442600A6812680260814200D0DF
:10A6E000086030BD0460F9E73C0C00200648416B6F
:10A6F000096829B1416BC968C968496881627047B6
:10A700004FF0FF31FAE70000E80B002008484068EE
:10A71000401C4FF0500080F3118804D0BFF34F8FDE
:10A72000BFF36F8FFEE7BFF34F8FBFF36F8FFEE76F
:10A73000440C0020002804D0012803D0072803D0AF
:10A7400004207047022070470620704710B5092882
:10A7500001D8303004E0A0F10A01052902D83730D1
:10A76000C0B210BDAFF30080002203E010F8013B3F
:10A770001A44D2B2491E89B2F8D25042C0B27047D0
:10A780002DE9F0410546002700F0B2FD324E306859
:10A7900008B9FFF7E3FE706905424ED1C5B308352D
:10A7A00068070ED005F00700C0F1080005446807EF
:10A7B00007D0502080F31188BFF34F8FBFF36F8F06
:10A7C000FEE72DB37068854237D82348183001461C
:10A7D0000C6801E020460C466168A94202D221685B
:10A7E0000029F7D131688C4227D0076821680160C1
:10A7F00060680837411B10290FD96019420708D03B
:10A80000502080F31188BFF34F8FBFF36F8FFEE7A7
:10A8100013E041606560FFF743FF61687068401AAC
:10A820007060B268904200D2B0607069014300204D
:10A83000C4E90001F068401CF06001F091F878076D
:10A8400007D0502080F31188BFF34F8FBFF36F8F75
:10A85000FEE73846BDE8F081240C002010B5031F48
:10A860004FF080741C601B1F21F001011960191F3B
:10A87000024B0B60143940380A6010BD0DA7000868
:10A880002DE9F04704008A4616D054F8047CD4F829
:10A8900000903E1F564500D956462046FCF71AF850
:10A8A00005468846324621465046FDF733FE40B104
:10A8B000C0F80090BDE8F087BDE8F0470846FCF717
:10A8C00037B844E9017955B129686A18211F8A42CD
:10A8D00002D9611B091F2960C5F80480EAE7024A12
:10A8E000C2F80080E6E70000640C002070B5054661
:10A8F00000242146284600F005F8641C14F0FF04EB
:10A90000F7D070BD7CB500240D4606460094234662
:10A9100022460194FDF7B8FD05EB8500002206EB09
:10A9200000108118521C81F83C40202AF9D380F88D
:10A930002940C4627CBDF0B415460E46D0F8E4410F
:10A9400029463046A446F0BC1A4660472DE9FF4729
:10A95000044690F87E008946C8B1A16809EBC90594
:10A9600011F81500C00712D160694FF0000801AA64
:10A970000189CDF8048001EB090086B2CDF808808A
:10A9800049462046CDF80C80FCF707FE18B10020A0
:10A9900004B0BDE8F087A068062101EB4501415AEB
:10A9A000BDF80420914211D1092101EB45019DF828
:10A9B0000720415C914209D10A2101EB450108447D
:10A9C000082202A9F5F75BFC0028E1D0606850F886
:10A9D0003600416CC06A0F880688AFB1A1680220BA
:10A9E00000EB450A31F90A00F6F762FD4FF47A7080
:10A9F00007FB00F3154A49462046CDF80080FBF7D7
:10AA000063F9A26822F80A00CEB1A168042000EB25
:10AA10004507C85FF6F74CFD642006FB00F30C4ABF
:10AA200049462046CDF80080FBF74EF9A168C8538F
:10AA3000A06810F8151041F0010100F8151001AAE6
:10AA40004946204600F006F80120A1E7E559000834
:10AA50000D5A000830B401EBC1010624836804EBF1
:10AA60004101194413680B6053684B6093688B6015
:10AA7000D0F8E00130BC1146FCF7F0BE3EB590F8CE
:10AA80007840052C01D07F2C09D10129416908D0DB
:10AA9000498821B111448269528891420ED9FF2020
:10AAA0003EBD09880029FAD011448269128891427A
:10AAB000F5D8426852F83110096A03E0426852F84A
:10AAC000311049696A460988ADF8001000218DF8F7
:10AAD000021008218DF80310002155185C5C491CF8
:10AAE000C9B22C710829F8D3D0F8E0011146FCF75F
:10AAF000B5FE3EBD7CB58026DDE906548DF80060CC
:10AB00008DF801301B0A8DF802308DF80440230ABD
:10AB10008DF80530230C8DF80630230E8DF80730A4
:10AB20008DF803506B46FFF7A9FF7CBD70B5054655
:10AB300000F006F804462846FFF742FC204670BDA8
:10AB40000EB5D0F8C4110988ADF8001000218DF8B9
:10AB500002108DF80310D0F8E0016946FCF77EFE84
:10AB60000EBD00002DE9FF474269002912887DD003
:10AB70007F297BD8FAB14368046853F832302478CF
:10AB80005B6904F5C0651E68AE4201D0FF2C02D19E
:10AB900001F5C0641C60436853F83220136A0268F0
:10ABA0001D68127802F5B064A54201D0FF2A02D1D7
:10ABB00001F5B0621A608469364E4269A58806F1D3
:10ABC0002004928894E890118DE8901100236C463F
:10ABD000E2B91FE04768D0F800C057F832709CF81F
:10ABE00000A0D7F8149054F82370D9F8008007EB30
:10ABF0000A0CE04502D0BAF1FF0F03D107EB010CBC
:10AC0000C9F800C05B1C521CDBB292B2AA4201D848
:10AC1000042BDFD38469002330362589426996E806
:10AC2000D01012898DE8D0106C46D2B91DE046686C
:10AC3000076856F8326097F80090D6F8148054F8F8
:10AC40002360D8F800C006EB0907BC4502D0B9F173
:10AC5000FF0F02D10E44C8F800605B1C521CDBB22F
:10AC600092B2AA4201D8042BE1D300E00FE00268BF
:10AC7000D0F8143212781D6802F18004A54201D088
:10AC8000FF2A02D101F180021A6000680170BDE85C
:10AC9000FF87000090C40008202A01D9FF207047D8
:10ACA00001EB810100EB01104263002070470000BE
:10ACB0007CB5044690F87800884244D0244D31B1E8
:10ACC000042930D005291FD07F293FD10EE0D5E9D6
:10ACD0000001CDE90001002084F878006946204693
:10ACE00000F0A6F8D4F8801020468847D5E9020184
:10ACF000CDE900017F2084F878006946204600F005
:10AD000097F8D4F884101CE000B3D5E90401CDE92C
:10AD10000001052084F878006946204600F088F894
:10AD2000D4F888100DE088B1D5E90601CDE900011D
:10AD3000042084F878006946204600F079F8D4F8B9
:10AD40008C102046884794F878007CBDFF207CBD9D
:10AD500090C400084FF080414A6A1044C8627047AE
:10AD60000EB501680122097841F4E061ADF80010E8
:10AD700000218DF802108DF804108DF80320D0F812
:10AD8000E0016946FCF76AFD0EBD000038B50446D7
:10AD9000B0F9C001401C02D0204600F025F8104B4D
:10ADA000002241F205012046FAF70AFF0C4B00226F
:10ADB00041F206012046FAF703FFD4F8C401006807
:10ADC00040000CD5D4F8C8010368002B07D0054A11
:10ADD000002120460093FAF777FFA4F8C00138BDA0
:10ADE0008D590008815D000810B5002304461A46FD
:10ADF00041F20501FAF7E4FE00231A4641F206018A
:10AE00002046FAF7DDFEB4F9C001F6F751FBA4F8CD
:10AE1000C00110BD00B583B00A460021CDE9001184
:10AE200001466846F5F743FFDDE9000103B000BDC8
:10AE30002DE9F0410D460446497890F97A00012643
:10AE4000002719B148B984F87A6006E0012804D1D6
:10AE500084F87A702046FFF749FDE878002894F8D6
:10AE60007C0006D060B984F87C602046FFF78EFF36
:10AE700006E0012804D184F87C702046FFF7B4FF77
:10AE80002879002894F87D0006D060B984F87D60A8
:10AE90002046FDF767FB06E0012804D184F87D70A9
:10AEA0002046FDF768FBA878002894F87B0006D0C0
:10AEB00060B984F87B602046FDF7A4F906E001281C
:10AEC00004D184F87B702046FDF7ACF9687900283E
:10AED00094F87E0006D060B984F87E602046FAF7C8
:10AEE000ABFD06E0012804D184F87E702046FAF715
:10AEF000CFFD2878002894F8790005D0002801D1EA
:10AF000084F87960BDE8F0810128FBD184F879707C
:10AF10002046BDE8F041FFF723BF000070B5094DA2
:10AF2000FF231A4605F5807606E000BF10F8014BB6
:10AF300054402A5D5A40335D491E89B2F6D242EA36
:10AF4000032070BD90C200082DE9F0470546002798
:10AF5000481B1646894606285DDBA81CFDF7C1FC88
:10AF60000446A0F55C414FF48060814253D3A4F5C0
:10AF70005841824651451AD2A81DA9EB00014FF055
:10AF80000C08062947DB01785C2944D141787529F2
:10AF900041D1801CFDF7A5FCA0F55C4151453AD29A
:10AFA000C4F3090161F39F2000F5803002E04FF007
:10AFB00006082046802801D2012110E0B0F5006F7C
:10AFC00002D20221C0270AE0B0F5803F02D203215D
:10AFD000E02704E0B0F5881F1DD20421F0274A1EA7
:10AFE00008E000BF00F0BF03346843F0800380092D
:10AFF000A354521E12F0FF02F4D1012901D93843A3
:10B0000001E000F07F003268107030680844306062
:10B010004046BDE8F0870020FBE7D0E90132016936
:10B020009A60D0E901235A604A68824201D182685D
:10B030004A60002202610868401E08600868704784
:10B04000034B036003F154000860802010607047D8
:10B050005C10002000F108014FF0FF32C0E901123E
:10B06000C1600161002101607047002101617047EA
:10B0700030B50B685A1C02D000F1080202E00269E8
:10B0800004E02246546825689D42FAD953684B6013
:10B0900099608A60516008610168491C016030BD97
:10B0A00042684A6093688B60936859609160086158
:10B0B0000168491C0160704770B5124E124C0D4674
:10B0C00050B1002204213046F7F71AFE2168C86803
:10B0D00040F02000C86004E02068C16821F0200131
:10B0E000C1604DB1012204213046F7F709FE206806
:10B0F000C16841F0800103E02068C16821F080014F
:10B10000C16070BD000C0140541600200748006863
:10B11000016A41F21112114207D1016A92101142E3
:10B1200003D1016821F00101016070477C13002008
:10B1300004480021026851620068016841F0010181
:10B14000016070477C130020502080F31188BFF30A
:10B150004F8FBFF36F8F0A494868401C4860012831
:10B160000CD10848006810F0FF0F07D0502080F382
:10B170001188BFF34F8FBFF36F8FFEE7704700005A
:10B18000440C002004ED00E00849486828B1401E46
:10B19000486001D180F311887047502080F31188F6
:10B1A000BFF34F8FBFF36F8FFEE70000440C00200A
:10B1B00070B500282AD0164DA0F1080460686969AE
:10B1C000084207D1502080F31188BFF34F8FBFF39F
:10B1D0006F8FFEE722683AB1502080F31188BFF3E9
:10B1E0004F8FBFF36F8FFEE78843606000F080F8F9
:10B1F00060686968084468602046FFF751FA28696A
:10B20000401C2861BDE8704000F0AABB70BD000082
:10B21000240C00204FF0E0200021016181610549EC
:10B220004FF47A720968B1FBF2F1491E41610721BE
:10B23000016170475C0C002010B5020014D00F486B
:10B24000006B38B1502080F31188BFF34F8FBFF3EC
:10B250006F8FFEE700F04CF800211046FFF7C4F8AE
:10B2600000F07EFB002807D105494FF080500860B0
:10B27000BFF34F8FBFF36F8F10BD0000E80B0020AE
:10B2800004ED00E010B586B00024039405AA04A9DB
:10B2900003A80494FFF7D4FEDDE903010094CDE98F
:10B2A000011000230EA11048059A00F0C8FA0F49BA
:10B2B0000028C86211D0502080F31188BFF34F8F4F
:10B2C000BFF36F8F4FF0FF30886201204861CC6080
:10B2D00006B0BDE8104000F031BA06B010BD000065
:10B2E00049444C4500000000A9A50008E80B0020D7
:10B2F0000248016B491C016370470000E80B002005
:10B300001448016B11B10121C16170470021C16175
:10B310000169B1FA81F1C1F11F0101EB81020E490E
:10B3200051F822306BB101EB820101F108034A6848
:10B3300052684A609A4201D152684A60D1680160FD
:10B340007047502080F31188BFF34F8FBFF36F8F8A
:10B35000FEE70000E80B0020601B0020F8B5374C2A
:10B360000027207808B1AFF30080684600F0F4F8B9
:10B3700060780025012670B3012802D002285AD136
:10B3800039E0FFF7D5FE9DF800003A2807D00D28D8
:10B3900008D0A0F13001092907D8C8B20DE0A57086
:10B3A000A58048E00220607045E0A0F14101052938
:10B3B00002D83738C0B200E0FF20A17811B10129CE
:10B3C00039D10DE0A188FF2906D8A288A168000123
:10B3D0008854A6702FE025E06570FFF797FE2AE0FD
:10B3E000A288A16811440A7802430A70A088401C10
:10B3F000A080A5701FE09DF80000E178884207D189
:10B40000FFF784FE6570012000F09EF8074612E009
:10B410003A2801D065700EE0A570A5806670FFF730
:10B4200087FE08E09DF800003A2804D1FFF780FE6F
:10B43000A580A57066703846F8BD0000EC000020BD
:10B440000A4810B54178012909D0022907D041786E
:10B45000012906D04078022803D0AFF300800021F4
:10B460004170FFF753FE002010BD0000EC000020EB
:10B4700070B5294C0026607808B1AFF300802078C1
:10B480000025052846D2DFE800F041030A313600E6
:10B490003A2000F091F802202070A5703AE0E08890
:10B4A000F0B1A1781C48C06811B1012932D108E07F
:10B4B00000780009FFF74AF900F07EF80120A0703B
:10B4C00028E0007800F00F00FFF740F900F074F872
:10B4D000E068401CE060A570E088401EE08019E054
:10B4E0000D2000F069F80320207013E0E07800F0F0
:10B4F00063F80420F8E72570032000F025F80646DD
:10B5000000210120FFF7D8FD257003E00021012074
:10B51000FFF7D2FD304670BDEC0000200549024621
:10B5200000204B78002B04D0087810700020487061
:10B5300001207047200100200249002048700120AE
:10B540007047000020010020024901224A70087063
:10B55000104670472001002002490968017001204F
:10B560007047000004440040124810B5104AC0E97A
:10B57000002100210C22C160C0E905214FF4805256
:10B58000C161012B09D0022B0AD0016181600948F9
:10B59000F8F7E4FF48B1002010BD4FF4C06101E0AE
:10B5A0004FF4806182600161F1E7012010BD00006D
:10B5B00000440040541600200149086001207047F3
:10B5C0000444004030B587B000251A4C0095019521
:10B5D00002950395049516490595216040F60F6183
:10B5E000401E6160C4E9025025612046A561F8F75C
:10B5F00057FC70B94FF48050009069462046F8F728
:10B6000000FD30B9049504A920460595F8F714FC0F
:10B6100010B1002007B030BD21686FF00100086153
:10B620002068C16841F00101C1600120F2E700001B
:10B63000000400407C13002038B5174C002520780A
:10B6400008B1AFF300806846FFF786FF607830B13D
:10B65000124A012807D0022810D0032801D1FFF791
:10B6600067FD284638BD0020A0809DF80000A18815
:10B670000A44491CA180107002200BE0A088FF281A
:10B6800007D89DF80010A0880244401CA0801170CB
:10B69000E5E703206070E2E700010020D4170020F6
:10B6A00070B50E4D0024687870B102280BD00328C5
:10B6B0000DD0687858B16878022808D068780328D7
:10B6C00005D0AFF300800120FFF73EFF0446FFF7EF
:10B6D0001DFD01206870204670BD000000010020A3
:10B6E00070B5154C00256078012801D0AFF30080BB
:10B6F000207810B101281CD104E000210120FFF7BF
:10B70000DBFC16E0608850B1A0680078FFF754FFBA
:10B71000A068401CA0606088401E608009E0032093
:10B72000FFF712FF054600210120FFF7C5FC0020AE
:10B730002070284670BD0000000100201CB526497D
:10B7400008780190FF20087008788DF800009DF8B7
:10B7500000009DF8002000F0F000904207D050203B
:10B7600080F31188BFF34F8FBFF36F8FFEE79DF813
:10B7700000001A4C00F0500020700720A06005E087
:10B780009DF8002052008DF80020401E9DF80020FA
:10B790001206F5D4A060032807D0502080F311884A
:10B7A000BFF34F8FBFF36F8FFEE74FF44070A06081
:10B7B000019808700A48016841F47001016001684D
:10B7C00041F070410160FFF725FD00206060F4F753
:10B7D000A9FC00201CBD000000E400E0440C002097
:10B7E00020ED00E02DE9FF5F8346DDE90E879946F5
:10B7F00016468A469000FEF7C3FF05001CD0542071
:10B80000FEF7BEFF040014D00020256384F8510029
:10B81000CDE90240CDE900874B46324651465846B5
:10B82000FEF7F2FE2046FEF717FE012004B0BDE849
:10B83000F09F2846FFF7BCFC4FF0FF30F6E7F0B56D
:10B8400085B0DDE90B640A9DA6B1DCB154270097F1
:10B850002663022684F85160002604AFCDE9024633
:10B86000CDE90057FEF7D0FE2046FEF7F5FD04981F
:10B8700005B0F0BD502080F31188BFF34F8FBFF3A8
:10B880006F8FFEE7502080F31188BFF34F8FBFF317
:10B890006F8FFEE72DE9F0412F4C0026206B28B179
:10B8A000A069401CA0613046BDE8F081E5686D1CD0
:10B8B000E56013D1606B006838B1502080F31188C7
:10B8C000BFF34F8FBFF36F8FFEE7606BA16B6163B8
:10B8D000A063206A401C2062FEF708FFA06ADFF820
:10B8E0007C80854209D3606B0068A0B1606BC06842
:10B8F000C7687868854211D2A0622068C06A00EBF0
:10B90000800158F82100012800D90126E0690028AB
:10B91000C9D00126C7E74FF0FF30EDE7381DFFF72C
:10B920007CFBB86A18B107F11800FFF776FBF96ADB
:10B930000120226988401043206101EB810108EB5E
:10B940008100391DFFF7ACFBF86A2168C96A88429B
:10B95000C9D30126C7E70000E80B0020601B0020C8
:10B960002DE9F0472C4D00242746286B38B1FFF70E
:10B97000EBFB286B401E2863286B40B146E050204B
:10B9800080F31188BFF34F8FBFF36F8FFEE7A96875
:10B99000224E0120D1B3A6F1B40980463068E8B147
:10B9A000F068C46804F11800FFF737FB201DFFF7AB
:10B9B00034FBE06A2A6908FA00F11143296100EBBF
:10B9C000800109EB8100211DFFF76AFBE06A29680D
:10B9D000C96A8842E2D3C5F81C80DFE70CB1FEF7E4
:10B9E00085FEAC6944B14646FFF754FF00B1EE61F5
:10B9F000641EF9D10020A861E86938B1084901271F
:10BA000038070860BFF34F8FBFF36F8FFFF7BCFBA2
:10BA10003846BDE8F0870000E80B0020141C002029
:10BA200004ED00E00000000000000000002F000016
:10BA300000000700070000147F147F1400242A7FF1
:10BA40002A12006264081323003649552250000070
:10BA50000503000000001C224100000041221C00E0
:10BA60000014083E08140008083E0808000000A062
:10BA7000600000080808080800006060000000205E
:10BA800010080402003E5149453E0000427F40003C
:10BA9000004261514946002141454B3100181412C2
:10BAA0007F10002745454539003C4A49493000018F
:10BAB0007109050300364949493600064949291EDE
:10BAC0000000363600000000563600000008142240
:10BAD0004100001414141414000041221408000240
:10BAE0000151090600324959513E007C1211127C65
:10BAF000007F49494936003E41414122007F414192
:10BB0000221C007F49494941007F09090901003E83
:10BB10004149497A007F0808087F0000417F4100C1
:10BB2000002040413F01007F08142241007F404037
:10BB30004040007F020C027F007F0408107F003E1F
:10BB40004141413E007F09090906003E4151215E05
:10BB5000007F091929460046494949310001017F02
:10BB60000101003F4040403F001F2040201F003F98
:10BB70004038403F0063140814630007087008074A
:10BB800000615149454300007F41410000552A555D
:10BB90002A55000041417F000004020102040040D8
:10BBA00040404040000001020400002054545478FA
:10BBB000007F48444438003844444420003844441A
:10BBC000487F00385454541800087E0901020018B8
:10BBD000A4A4A47C007F080404780000447D4000F5
:10BBE000004080847D00007F102844000000417FD9
:10BBF0004000007C04180478007C080404780038B5
:10BC00004444443800FC242424180018242418FC3C
:10BC1000007C0804040800485454542000043F44A5
:10BC20004020003C4040207C001C2040201C003C68
:10BC30004030403C004428102844001CA0A0A07CB8
:10BC4000004464544C4414141414141400000000F0
:10BC5000000000000000000000000000000000F8EC
:10BC600000000000000000333000000000100C064F
:10BC7000100C0600000000000000000040C07840EA
:10BC8000C0784000043F04043F040400007088FCB6
:10BC900008300000001820FF211E0000F008F0000E
:10BCA000E018000000211C031E211E0000F008887F
:10BCB000700000001E2123241927211010160E00E9
:10BCC000000000000000000000000000000000E094
:10BCD00018040200000000071820400000020418A9
:10BCE000E00000000040201807000000404080F005
:10BCF000804040000202010F01020200000000F03B
:10BD0000000000000101011F01010100000000000E
:10BD10000000000080B07000000000000000000083
:10BD2000000000000001010101010101000000000C
:10BD300000000000003030000000000000000000A3
:10BD400080601804006018060100000000E0100880
:10BD50000810E000000F102020100F00001010F855
:10BD6000000000000020203F202000000070080894
:10BD70000888700000302824222130000030088814
:10BD8000884830000018202020110E000000C0203C
:10BD900010F8000000070424243F240000F808885D
:10BDA000880808000019212020110E0000E01088EA
:10BDB00088180000000F112020110E00003808081C
:10BDC000C83808000000003F00000000007088082C
:10BDD00008887000001C222121221C0000E01008AD
:10BDE0000810E0000000312222110F00000000C006
:10BDF000C0000000000000303000000000000080A3
:10BE00000000000000008060000000000000804092
:10BE100020100800000102040810200040404040AB
:10BE200040404000040404040404040000081020FE
:10BE30004080000000201008040201000070480843
:10BE40000808F0000000003036010000C030C828AB
:10BE5000E810E0000718272423140B000000C03866
:10BE6000E0000000203C23020227382008F88888E0
:10BE700088700000203F202020110E00C0300808EC
:10BE800008083800071820202010080008F80808C3
:10BE90000810E000203F202020100F0008F88888BC
:10BEA000E8081000203F20202320180008F8888888
:10BEB000E8081000203F200003000000C030080800
:10BEC0000838000007182020221E020008F8080089
:10BED0000008F808203F210101213F20000808F850
:10BEE000080800000020203F202000000000080873
:10BEF000F8080800C08080807F00000008F888C033
:10BF000028180800203F20012638200008F80800E3
:10BF100000000000203F20202020300008F8F8001A
:10BF2000F8F80800203F003F003F200008F830C02C
:10BF30000008F808203F200007183F00E01008081C
:10BF40000810E0000F10202020100F0008F808084B
:10BF50000808F000203F210101010000E01008085E
:10BF60000810E0000F18242438504F0008F8888883
:10BF700088887000203F2000030C30200070880863
:10BF8000080838000038202121221C00180808F871
:10BF9000080818000000203F2000000008F80800F2
:10BFA0000008F808001F202020201F0008788800C3
:10BFB00000C83808000007380E010000F80800F833
:10BFC0000008F800033C0700073C030008186880DD
:10BFD0008068180820302C03032C30200838C80053
:10BFE000C83808000000203F2000000010080808A2
:10BFF000C83808002038262120201800000000FE44
:10C00000020202000000007F40404000000C30C0EF
:10C0100000000000000000010638C000000202021B
:10C02000FE000000004040407F00000000000402CD
:10C0300002020400000000000000000000000000F8
:10C0400000000000808080808080808000020204E8
:10C0500000000000000000000000000000008080E0
:10C06000808000000019242222223F2008F800804E
:10C0700080000000003F112020110E000000008011
:10C0800080800000000E11202020110000000080A0
:10C090008088F800000E112020103F2000008080D2
:10C0A00080800000001F222222221300008080F0E6
:10C0B000888888180020203F202000000000808011
:10C0C00080808000006B94949493600008F8008056
:10C0D00080800000203F210000203F2000809898B1
:10C0E000000000000020203F202000000000008011
:10C0F0009898000000C08080807F000008F8000051
:10C1000080808000203F24022D302000000808F8A5
:10C11000000000000020203F202000008080808060
:10C1200080808000203F20003F20003F80800080F2
:10C1300080800000203F210000203F200000808000
:10C1400080800000001F202020201F0080800080B1
:10C150008000000080FFA12020110E000000008060
:10C1600080808000000E112020A0FF808080800051
:10C170008080800020203F2120000100000080807E
:10C18000808080000033242424241900008080E073
:10C19000808000000000001F202000008080000040
:10C1A00000808000001F202020103F208080800021
:10C1B0000080808000010E30080601008080008031
:10C1C000008080800F300C030C300F000080800056
:10C1D000808080000020312E0E3120008080800081
:10C1E0000080808080818E70180601000080808031
:10C1F000808080000021302C2221300000000000CF
:10C20000807C020200000000003F4040000000006F
:10C21000FF00000000000000FF0000000002027CA0
:10C22000800000000040403F0000000000060101C7
:10C23000020204040000000000000000BCC6000868
:10C24000A35600080000000000000000800000006D
:10C250000000000000000000ACC600088D5000087F
:10C26000000000000000000080000000000000004E
:10C2700000000000B4C6000815130008000000000C
:10C28000000000008000000000000000000000002E
:10C2900000C1814001C0804101C0804100C1814096
:10C2A00001C0804100C1814000C1814001C0804186
:10C2B00001C0804100C1814000C1814001C0804176
:10C2C00000C1814001C0804101C0804100C1814066
:10C2D00001C0804100C1814000C1814001C0804156
:10C2E00000C1814001C0804101C0804100C1814046
:10C2F00000C1814001C0804101C0804100C1814036
:10C3000001C0804100C1814000C1814001C0804125
:10C3100001C0804100C1814000C1814001C0804115
:10C3200000C1814001C0804101C0804100C1814005
:10C3300000C1814001C0804101C0804100C18140F5
:10C3400001C0804100C1814000C1814001C08041E5
:10C3500000C1814001C0804101C0804100C18140D5
:10C3600001C0804100C1814000C1814001C08041C5
:10C3700001C0804100C1814000C1814001C08041B5
:10C3800000C1814001C0804101C0804100C18140A5
:10C3900000C0C101C30302C2C60607C705C5C40465
:10C3A000CC0C0DCD0FCFCE0E0ACACB0BC90908C8D5
:10C3B000D81819D91BDBDA1A1EDEDF1FDD1D1CDCC5
:10C3C00014D4D515D71716D6D21213D311D1D01035
:10C3D000F03031F133F3F23236F6F737F53534F425
:10C3E0003CFCFD3DFF3F3EFEFA3A3BFB39F9F83895
:10C3F00028E8E929EB2B2AEAEE2E2FEF2DEDEC2C85
:10C40000E42425E527E7E62622E2E323E12120E0F4
:10C41000A06061A163A3A26266A6A767A56564A4E4
:10C420006CACAD6DAF6F6EAEAA6A6BAB69A9A86854
:10C4300078B8B979BB7B7ABABE7E7FBF7DBDBC7C44
:10C44000B47475B577B7B67672B2B373B17170B0B4
:10C4500050909151935352929656579755959454A4
:10C460009C5C5D9D5F9F9E5E5A9A9B5B9959589814
:10C47000884849894B8B8A4A4E8E8F4F8D4D4C8C04
:10C480004484854587474686824243834181804074
:10C490000100000000000000000101010100010096
:10C4A0000001010101010000000000000100010085
:10C4B000000200000003000000040000000500006E
:10C4C0008001000080020000800300008004000062
:10C4D00001000000280100200100001038010020A8
:10C4E000010001107801002005001810C001002093
:10C4F00003000012F8010020070000146002002071
:10C5000007000114C80200200700021430030020B5
:10C51000070003148803002009000016F803002018
:10C52000090001166804002009000216D804002042
:10C53000090003165805002007000018C005002058
:10C5400007000118280600200700021890060020A6
:10C5500007000318E80600200900001A5807002009
:10C560000900011AC80700200900021A3808002033
:10C570000900031AD40800200B000020030000006B
:10C58000040008000C0010000300000007000B006E
:10C590000F00130015000102020304050607080935
:10C5A0000A0B0C0D0E0F1010010202030405060702
:10C5B00008090A0B0C0D0E0F1010000000000000FF
:10C5C0000000010203040607080900000000010240
:10C5D0000304DDDDDDDDDCBBBBDDDDDDDDDDDDDD83
:10C5E000DDDD988888888888888877777777778866
:10C5F00088888555555666666666666666666668A8
:10C6000088888333333222222222222222222228A5
:10C61000888D0000227B5C2254505C223A25645CA9
:10C620002C5C2252485C223A25645C2C5C22564FDA
:10C630005C223A25645C2C5C2243555C223A2564DA
:10C640005C2C5C2250575C223A25645C2C5C2256A0
:10C65000525C223A25645C2C5C224350555C223AA1
:10C6600025647D2200000000E6B2A1E69C89E993E2
:10C67000BEE68EA577696669EFBC8CE99C80E8A66A
:10C6800081E993BEE68EA577696669EFBC8CE8AF59
:10C69000B7E68993E5BC806169726B697373E5B035
:10C6A0008FE7A88BE5BA8F200D0A00004D51545436
:10C6B0000000000043414E6F70656E004D6F646274
:10C6C00075730000E4C60008000000206C0C000038
:10C6D000DC0E00083CCA00086C0C0020E4210000BD
:10C6E0009069000801101331691408D56814088195
:10C6F000A81208022201022B02321113397C3308DE
:10C7000004133B7B33080313DD7A33081013497D90
:10C710003308061AB32032171A9D20297F13F9799E
:10C720003308051A5D18320F1AE50829741A6B3898
:10C73000013813D4170214201A01016908690A7913
:10C74000E8220729B84B24013C1A0295291D5A34C6
:10C75000100110D280293AE169401A6640695C9A5A
:10C76000680C9A6C0C9A700C2A740C411A066419A5
:10C770004469489AB4249AB80C1ABC0C192B19298C
:10C780000914802AE4C0592C2AE80C59182AEC0C08
:10C79000193929379AEE189AF0189AF2186AF4683B
:10C7A0000A1403688B4C02682A500C59182A540C3E
:10C7B00059509A56189A58189A5A181A5C0C39688F
:10C7C00029490911689AB4689AB8389ABC509ABE37
:10C7D000189AC0189AC2186AC46819100912688B8E
:10C7E0001C03682A200C59182A240C59509A261820
:10C7F0009A28189A2A181A2C0C5A086829109A8410
:10C80000588B30190C9A340C9A380C9A3C0C9A407C
:10C810000C9A440C9A480C1A4C0CA9709AF4709A11
:10C8200050289A540C9A580C9A5C0C9A600C9A6492
:10C830000C9A680CDA6C708B64041C9A70289A74D9
:10C840000C9A780C9A7C0C9A800C9A840C9A880C1E
:10C85000DA8C709AD4709A90289A940C9A980C9AC0
:10C860009C0C9AA00C9AA40C9AA80C1AAC0C2A0640
:10C870009C296DB15A02808B44052C2A480C59180A
:10C880002A4C0C193932029A4E189A50189A52189A
:10C890001A540C396829190911689AAC689AB03889
:10C8A0009AB4509AB6189AB8189ABA186ABC680A14
:10C8B0001403688B1406682A180C59182A1C0C5982
:10C8C000509A1E18194D79189A22181A240C396892
:10C8D00029490911689A7C689A80389A84509A8606
:10C8E000189A88189A8A181A8C0C420859109AE4D7
:10C8F000588B201A0C9A240C9A280C9A2C0C9A30DB
:10C900000C9A340C9A380C1A3C0CA9708B54071CE6
:10C910009A40289A440C9A480C9A4C0C9A500C9ABB
:10C92000540C9A580CDA5C709AC4709A60289A6415
:10C930000C9A680C9A6C0C9A700C9A740C9A780C7D
:10C94000DA7C708B34081C9A80289A840C9A880CA4
:10C950009A8C0C9A900C9A940C9A980C1A9C0C0233
:10C960002B0A13595D5B08029C2AA49C590C1BD40A
:10C97000180C220632029AD60C9AD80C9ADA0C9A23
:10C98000DC0C9ADE0C9AE00C9AE20C2AE40C596C4E
:10C990002AE60C111AFF01E10932121322011420B8
:10C9A000D4C42C085809542113696814087CC51B89
:10C9B0000888041A94041AD01C13ED60024A08492E
:10C9C00080720F13F36B1408116C1B0805048B673E
:10C9D00075681A5C981A600413DC0B1B2064082924
:10C9E000361AF12C0A270F0101561AFF011A03AC5F
:10C9F0001A54941A5604018023FFFF1A4C881A50C7
:10CA0000041A0F981A0B041A07041A09048113C197
:10CA10005F8C0869751002100119111A44401A48F8
:10CA2000041A34040A2158D85A0D60298009202E8E
:0CCA300001421AAA0169BC8210D3127ADC
:04000005080000ED02
:00000001FF
